<?xml version="1.0" encoding="UTF-8" ?>
<EML Id="510" SchemaVersion="5.0">
	<TransactionId>8839</TransactionId>
	<MessageLanguage>en-US</MessageLanguage>
	<IssueDate>2012-12-19T16:35:58-08:00</IssueDate>
	<Count>
		<EventIdentifier Id="California_2012_Statewide_Presidential_General_Election" />
		<Election>
			<ElectionIdentifier Id="20121106" />
			<Contests>
			<Contest>
				<ContestIdentifier Id="100000000001" DisplayOrder="2">
					<ContestName>U.S. Senate</ContestName>
				</ContestIdentifier>
				<TotalVotes>
					<CountMetric Id="PR" Type="Precincts Reporting">24491</CountMetric>
					<CountMetric Id="TP" Type="Total Precincts">24491</CountMetric>
					<CountMetric Id="RT" Type="ReportType">2</CountMetric>
					<Selection>
						<Candidate>
							<CandidateIdentifier Id="173" DisplayOrder="1">
								<CandidateName>Dianne Feinstein</CandidateName>
							</CandidateIdentifier>
							<Affiliation>
								<AffiliationIdentifier Id="Party">
									<RegisteredName />
								</AffiliationIdentifier>
								<Type>Democratic</Type>
							</Affiliation>
						</Candidate>
								<AffiliationIdentifier Id="Incumbent">
									<RegisteredName />
								</AffiliationIdentifier>
						<ValidVotes>7864624</ValidVotes>
						<CountMetric Id="PVP" Type="Percent Votes in Party">100.0</CountMetric>
						<CountMetric Id="PVR" Type="Percent Votes in Race">62.5</CountMetric>
					</Selection>
					<Selection>
						<Candidate>
							<CandidateIdentifier Id="396" DisplayOrder="2">
								<CandidateName>Elizabeth Emken</CandidateName>
							</CandidateIdentifier>
							<Affiliation>
								<AffiliationIdentifier Id="Party">
									<RegisteredName />
								</AffiliationIdentifier>
								<Type>Republican</Type>
							</Affiliation>
						</Candidate>
						<ValidVotes>4713887</ValidVotes>
						<CountMetric Id="PVP" Type="Percent Votes in Party">100.0</CountMetric>
						<CountMetric Id="PVR" Type="Percent Votes in Race">37.5</CountMetric>
					</Selection>
				</TotalVotes>
				<ReportingUnitVotes>
					<ReportingUnitIdentifier Id="1">Alameda</ReportingUnitIdentifier>
					<CountMetric Id="PR" Type="Precincts Reporting">1100</CountMetric>
					<CountMetric Id="TP" Type="Total Precincts">1100</CountMetric>
					<CountMetric Id="RT" Type="ReportType">0</CountMetric>
					<Selection>
						<Candidate>
							<CandidateIdentifier Id="173" DisplayOrder="1">
								<CandidateName>Dianne Feinstein</CandidateName>
							</CandidateIdentifier>
							<Affiliation>
								<AffiliationIdentifier Id="Party">
									<RegisteredName />
								</AffiliationIdentifier>
								<Type>Democratic</Type>
							</Affiliation>
						</Candidate>
								<AffiliationIdentifier Id="Incumbent">
									<RegisteredName />
								</AffiliationIdentifier>
						<ValidVotes>468456</ValidVotes>
						<CountMetric Id="PVP" Type="Percent Votes in Party">100.0</CountMetric>
						<CountMetric Id="PVR" Type="Percent Votes in Race">81.9</CountMetric>
					</Selection>
					<Selection>
						<Candidate>
							<CandidateIdentifier Id="396" DisplayOrder="2">
								<CandidateName>Elizabeth Emken</CandidateName>
							</CandidateIdentifier>
							<Affiliation>
								<AffiliationIdentifier Id="Party">
									<RegisteredName />
								</AffiliationIdentifier>
								<Type>Republican</Type>
							</Affiliation>
						</Candidate>
						<ValidVotes>103313</ValidVotes>
						<CountMetric Id="PVP" Type="Percent Votes in Party">100.0</CountMetric>
						<CountMetric Id="PVR" Type="Percent Votes in Race">18.1</CountMetric>
					</Selection>
				</ReportingUnitVotes>
				<ReportingUnitVotes>
					<ReportingUnitIdentifier Id="2">Alpine</ReportingUnitIdentifier>
					<CountMetric Id="PR" Type="Precincts Reporting">5</CountMetric>
					<CountMetric Id="TP" Type="Total Precincts">5</CountMetric>
					<CountMetric Id="RT" Type="ReportType">0</CountMetric>
					<Selection>
						<Candidate>
							<CandidateIdentifier Id="173" DisplayOrder="1">
								<CandidateName>Dianne Feinstein</CandidateName>
							</CandidateIdentifier>
							<Affiliation>
								<AffiliationIdentifier Id="Party">
									<RegisteredName />
								</AffiliationIdentifier>
								<Type>Democratic</Type>
							</Affiliation>
						</Candidate>
								<AffiliationIdentifier Id="Incumbent">
									<RegisteredName />
								</AffiliationIdentifier>
						<ValidVotes>409</ValidVotes>
						<CountMetric Id="PVP" Type="Percent Votes in Party">100.0</CountMetric>
						<CountMetric Id="PVR" Type="Percent Votes in Race">64.1</CountMetric>
					</Selection>
					<Selection>
						<Candidate>
							<CandidateIdentifier Id="396" DisplayOrder="2">
								<CandidateName>Elizabeth Emken</CandidateName>
							</CandidateIdentifier>
							<Affiliation>
								<AffiliationIdentifier Id="Party">
									<RegisteredName />
								</AffiliationIdentifier>
								<Type>Republican</Type>
							</Affiliation>
						</Candidate>
						<ValidVotes>229</ValidVotes>
						<CountMetric Id="PVP" Type="Percent Votes in Party">100.0</CountMetric>
						<CountMetric Id="PVR" Type="Percent Votes in Race">35.9</CountMetric>
					</Selection>
				</ReportingUnitVotes>
				<ReportingUnitVotes>
					<ReportingUnitIdentifier Id="3">Amador</ReportingUnitIdentifier>
					<CountMetric Id="PR" Type="Precincts Reporting">59</CountMetric>
					<CountMetric Id="TP" Type="Total Precincts">59</CountMetric>
					<CountMetric Id="RT" Type="ReportType">0</CountMetric>
					<Selection>
						<Candidate>
							<CandidateIdentifier Id="173" DisplayOrder="1">
								<CandidateName>Dianne Feinstein</CandidateName>
							</CandidateIdentifier>
							<Affiliation>
								<AffiliationIdentifier Id="Party">
									<RegisteredName />
								</AffiliationIdentifier>
								<Type>Democratic</Type>
							</Affiliation>
						</Candidate>
								<AffiliationIdentifier Id="Incumbent">
									<RegisteredName />
								</AffiliationIdentifier>
						<ValidVotes>7051</ValidVotes>
						<CountMetric Id="PVP" Type="Percent Votes in Party">100.0</CountMetric>
						<CountMetric Id="PVR" Type="Percent Votes in Race">40.8</CountMetric>
					</Selection>
					<Selection>
						<Candidate>
							<CandidateIdentifier Id="396" DisplayOrder="2">
								<CandidateName>Elizabeth Emken</CandidateName>
							</CandidateIdentifier>
							<Affiliation>
								<AffiliationIdentifier Id="Party">
									<RegisteredName />
								</AffiliationIdentifier>
								<Type>Republican</Type>
							</Affiliation>
						</Candidate>
						<ValidVotes>10232</ValidVotes>
						<CountMetric Id="PVP" Type="Percent Votes in Party">100.0</CountMetric>
						<CountMetric Id="PVR" Type="Percent Votes in Race">59.2</CountMetric>
					</Selection>
				</ReportingUnitVotes>
				<ReportingUnitVotes>
					<ReportingUnitIdentifier Id="4">Butte</ReportingUnitIdentifier>
					<CountMetric Id="PR" Type="Precincts Reporting">155</CountMetric>
					<CountMetric Id="TP" Type="Total Precincts">155</CountMetric>
					<CountMetric Id="RT" Type="ReportType">0</CountMetric>
					<Selection>
						<Candidate>
							<CandidateIdentifier Id="173" DisplayOrder="1">
								<CandidateName>Dianne Feinstein</CandidateName>
							</CandidateIdentifier>
							<Affiliation>
								<AffiliationIdentifier Id="Party">
									<RegisteredName />
								</AffiliationIdentifier>
								<Type>Democratic</Type>
							</Affiliation>
						</Candidate>
								<AffiliationIdentifier Id="Incumbent">
									<RegisteredName />
								</AffiliationIdentifier>
						<ValidVotes>43681</ValidVotes>
						<CountMetric Id="PVP" Type="Percent Votes in Party">100.0</CountMetric>
						<CountMetric Id="PVR" Type="Percent Votes in Race">49.3</CountMetric>
					</Selection>
					<Selection>
						<Candidate>
							<CandidateIdentifier Id="396" DisplayOrder="2">
								<CandidateName>Elizabeth Emken</CandidateName>
							</CandidateIdentifier>
							<Affiliation>
								<AffiliationIdentifier Id="Party">
									<RegisteredName />
								</AffiliationIdentifier>
								<Type>Republican</Type>
							</Affiliation>
						</Candidate>
						<ValidVotes>44981</ValidVotes>
						<CountMetric Id="PVP" Type="Percent Votes in Party">100.0</CountMetric>
						<CountMetric Id="PVR" Type="Percent Votes in Race">50.7</CountMetric>
					</Selection>
				</ReportingUnitVotes>
				<ReportingUnitVotes>
					<ReportingUnitIdentifier Id="5">Calaveras</ReportingUnitIdentifier>
					<CountMetric Id="PR" Type="Precincts Reporting">36</CountMetric>
					<CountMetric Id="TP" Type="Total Precincts">36</CountMetric>
					<CountMetric Id="RT" Type="ReportType">0</CountMetric>
					<Selection>
						<Candidate>
							<CandidateIdentifier Id="173" DisplayOrder="1">
								<CandidateName>Dianne Feinstein</CandidateName>
							</CandidateIdentifier>
							<Affiliation>
								<AffiliationIdentifier Id="Party">
									<RegisteredName />
								</AffiliationIdentifier>
								<Type>Democratic</Type>
							</Affiliation>
						</Candidate>
								<AffiliationIdentifier Id="Incumbent">
									<RegisteredName />
								</AffiliationIdentifier>
						<ValidVotes>8878</ValidVotes>
						<CountMetric Id="PVP" Type="Percent Votes in Party">100.0</CountMetric>
						<CountMetric Id="PVR" Type="Percent Votes in Race">41.6</CountMetric>
					</Selection>
					<Selection>
						<Candidate>
							<CandidateIdentifier Id="396" DisplayOrder="2">
								<CandidateName>Elizabeth Emken</CandidateName>
							</CandidateIdentifier>
							<Affiliation>
								<AffiliationIdentifier Id="Party">
									<RegisteredName />
								</AffiliationIdentifier>
								<Type>Republican</Type>
							</Affiliation>
						</Candidate>
						<ValidVotes>12479</ValidVotes>
						<CountMetric Id="PVP" Type="Percent Votes in Party">100.0</CountMetric>
						<CountMetric Id="PVR" Type="Percent Votes in Race">58.4</CountMetric>
					</Selection>
				</ReportingUnitVotes>
				<ReportingUnitVotes>
					<ReportingUnitIdentifier Id="6">Colusa</ReportingUnitIdentifier>
					<CountMetric Id="PR" Type="Precincts Reporting">18</CountMetric>
					<CountMetric Id="TP" Type="Total Precincts">18</CountMetric>
					<CountMetric Id="RT" Type="ReportType">0</CountMetric>
					<Selection>
						<Candidate>
							<CandidateIdentifier Id="173" DisplayOrder="1">
								<CandidateName>Dianne Feinstein</CandidateName>
							</CandidateIdentifier>
							<Affiliation>
								<AffiliationIdentifier Id="Party">
									<RegisteredName />
								</AffiliationIdentifier>
								<Type>Democratic</Type>
							</Affiliation>
						</Candidate>
								<AffiliationIdentifier Id="Incumbent">
									<RegisteredName />
								</AffiliationIdentifier>
						<ValidVotes>2482</ValidVotes>
						<CountMetric Id="PVP" Type="Percent Votes in Party">100.0</CountMetric>
						<CountMetric Id="PVR" Type="Percent Votes in Race">43.3</CountMetric>
					</Selection>
					<Selection>
						<Candidate>
							<CandidateIdentifier Id="396" DisplayOrder="2">
								<CandidateName>Elizabeth Emken</CandidateName>
							</CandidateIdentifier>
							<Affiliation>
								<AffiliationIdentifier Id="Party">
									<RegisteredName />
								</AffiliationIdentifier>
								<Type>Republican</Type>
							</Affiliation>
						</Candidate>
						<ValidVotes>3253</ValidVotes>
						<CountMetric Id="PVP" Type="Percent Votes in Party">100.0</CountMetric>
						<CountMetric Id="PVR" Type="Percent Votes in Race">56.7</CountMetric>
					</Selection>
				</ReportingUnitVotes>
				<ReportingUnitVotes>
					<ReportingUnitIdentifier Id="7">Contra Costa</ReportingUnitIdentifier>
					<CountMetric Id="PR" Type="Precincts Reporting">834</CountMetric>
					<CountMetric Id="TP" Type="Total Precincts">834</CountMetric>
					<CountMetric Id="RT" Type="ReportType">0</CountMetric>
					<Selection>
						<Candidate>
							<CandidateIdentifier Id="173" DisplayOrder="1">
								<CandidateName>Dianne Feinstein</CandidateName>
							</CandidateIdentifier>
							<Affiliation>
								<AffiliationIdentifier Id="Party">
									<RegisteredName />
								</AffiliationIdentifier>
								<Type>Democratic</Type>
							</Affiliation>
						</Candidate>
								<AffiliationIdentifier Id="Incumbent">
									<RegisteredName />
								</AffiliationIdentifier>
						<ValidVotes>300194</ValidVotes>
						<CountMetric Id="PVP" Type="Percent Votes in Party">100.0</CountMetric>
						<CountMetric Id="PVR" Type="Percent Votes in Race">70.1</CountMetric>
					</Selection>
					<Selection>
						<Candidate>
							<CandidateIdentifier Id="396" DisplayOrder="2">
								<CandidateName>Elizabeth Emken</CandidateName>
							</CandidateIdentifier>
							<Affiliation>
								<AffiliationIdentifier Id="Party">
									<RegisteredName />
								</AffiliationIdentifier>
								<Type>Republican</Type>
							</Affiliation>
						</Candidate>
						<ValidVotes>128310</ValidVotes>
						<CountMetric Id="PVP" Type="Percent Votes in Party">100.0</CountMetric>
						<CountMetric Id="PVR" Type="Percent Votes in Race">29.9</CountMetric>
					</Selection>
				</ReportingUnitVotes>
				<ReportingUnitVotes>
					<ReportingUnitIdentifier Id="8">Del Norte</ReportingUnitIdentifier>
					<CountMetric Id="PR" Type="Precincts Reporting">18</CountMetric>
					<CountMetric Id="TP" Type="Total Precincts">18</CountMetric>
					<CountMetric Id="RT" Type="ReportType">0</CountMetric>
					<Selection>
						<Candidate>
							<CandidateIdentifier Id="173" DisplayOrder="1">
								<CandidateName>Dianne Feinstein</CandidateName>
							</CandidateIdentifier>
							<Affiliation>
								<AffiliationIdentifier Id="Party">
									<RegisteredName />
								</AffiliationIdentifier>
								<Type>Democratic</Type>
							</Affiliation>
						</Candidate>
								<AffiliationIdentifier Id="Incumbent">
									<RegisteredName />
								</AffiliationIdentifier>
						<ValidVotes>4065</ValidVotes>
						<CountMetric Id="PVP" Type="Percent Votes in Party">100.0</CountMetric>
						<CountMetric Id="PVR" Type="Percent Votes in Race">47.4</CountMetric>
					</Selection>
					<Selection>
						<Candidate>
							<CandidateIdentifier Id="396" DisplayOrder="2">
								<CandidateName>Elizabeth Emken</CandidateName>
							</CandidateIdentifier>
							<Affiliation>
								<AffiliationIdentifier Id="Party">
									<RegisteredName />
								</AffiliationIdentifier>
								<Type>Republican</Type>
							</Affiliation>
						</Candidate>
						<ValidVotes>4502</ValidVotes>
						<CountMetric Id="PVP" Type="Percent Votes in Party">100.0</CountMetric>
						<CountMetric Id="PVR" Type="Percent Votes in Race">52.6</CountMetric>
					</Selection>
				</ReportingUnitVotes>
				<ReportingUnitVotes>
					<ReportingUnitIdentifier Id="9">El Dorado</ReportingUnitIdentifier>
					<CountMetric Id="PR" Type="Precincts Reporting">158</CountMetric>
					<CountMetric Id="TP" Type="Total Precincts">158</CountMetric>
					<CountMetric Id="RT" Type="ReportType">0</CountMetric>
					<Selection>
						<Candidate>
							<CandidateIdentifier Id="173" DisplayOrder="1">
								<CandidateName>Dianne Feinstein</CandidateName>
							</CandidateIdentifier>
							<Affiliation>
								<AffiliationIdentifier Id="Party">
									<RegisteredName />
								</AffiliationIdentifier>
								<Type>Democratic</Type>
							</Affiliation>
						</Candidate>
								<AffiliationIdentifier Id="Incumbent">
									<RegisteredName />
								</AffiliationIdentifier>
						<ValidVotes>35776</ValidVotes>
						<CountMetric Id="PVP" Type="Percent Votes in Party">100.0</CountMetric>
						<CountMetric Id="PVR" Type="Percent Votes in Race">41.3</CountMetric>
					</Selection>
					<Selection>
						<Candidate>
							<CandidateIdentifier Id="396" DisplayOrder="2">
								<CandidateName>Elizabeth Emken</CandidateName>
							</CandidateIdentifier>
							<Affiliation>
								<AffiliationIdentifier Id="Party">
									<RegisteredName />
								</AffiliationIdentifier>
								<Type>Republican</Type>
							</Affiliation>
						</Candidate>
						<ValidVotes>50820</ValidVotes>
						<CountMetric Id="PVP" Type="Percent Votes in Party">100.0</CountMetric>
						<CountMetric Id="PVR" Type="Percent Votes in Race">58.7</CountMetric>
					</Selection>
				</ReportingUnitVotes>
				<ReportingUnitVotes>
					<ReportingUnitIdentifier Id="10">Fresno</ReportingUnitIdentifier>
					<CountMetric Id="PR" Type="Precincts Reporting">611</CountMetric>
					<CountMetric Id="TP" Type="Total Precincts">611</CountMetric>
					<CountMetric Id="RT" Type="ReportType">0</CountMetric>
					<Selection>
						<Candidate>
							<CandidateIdentifier Id="173" DisplayOrder="1">
								<CandidateName>Dianne Feinstein</CandidateName>
							</CandidateIdentifier>
							<Affiliation>
								<AffiliationIdentifier Id="Party">
									<RegisteredName />
								</AffiliationIdentifier>
								<Type>Democratic</Type>
							</Affiliation>
						</Candidate>
								<AffiliationIdentifier Id="Incumbent">
									<RegisteredName />
								</AffiliationIdentifier>
						<ValidVotes>129267</ValidVotes>
						<CountMetric Id="PVP" Type="Percent Votes in Party">100.0</CountMetric>
						<CountMetric Id="PVR" Type="Percent Votes in Race">51.1</CountMetric>
					</Selection>
					<Selection>
						<Candidate>
							<CandidateIdentifier Id="396" DisplayOrder="2">
								<CandidateName>Elizabeth Emken</CandidateName>
							</CandidateIdentifier>
							<Affiliation>
								<AffiliationIdentifier Id="Party">
									<RegisteredName />
								</AffiliationIdentifier>
								<Type>Republican</Type>
							</Affiliation>
						</Candidate>
						<ValidVotes>123499</ValidVotes>
						<CountMetric Id="PVP" Type="Percent Votes in Party">100.0</CountMetric>
						<CountMetric Id="PVR" Type="Percent Votes in Race">48.9</CountMetric>
					</Selection>
				</ReportingUnitVotes>
				<ReportingUnitVotes>
					<ReportingUnitIdentifier Id="11">Glenn</ReportingUnitIdentifier>
					<CountMetric Id="PR" Type="Precincts Reporting">34</CountMetric>
					<CountMetric Id="TP" Type="Total Precincts">34</CountMetric>
					<CountMetric Id="RT" Type="ReportType">0</CountMetric>
					<Selection>
						<Candidate>
							<CandidateIdentifier Id="173" DisplayOrder="1">
								<CandidateName>Dianne Feinstein</CandidateName>
							</CandidateIdentifier>
							<Affiliation>
								<AffiliationIdentifier Id="Party">
									<RegisteredName />
								</AffiliationIdentifier>
								<Type>Democratic</Type>
							</Affiliation>
						</Candidate>
								<AffiliationIdentifier Id="Incumbent">
									<RegisteredName />
								</AffiliationIdentifier>
						<ValidVotes>3520</ValidVotes>
						<CountMetric Id="PVP" Type="Percent Votes in Party">100.0</CountMetric>
						<CountMetric Id="PVR" Type="Percent Votes in Race">39.0</CountMetric>
					</Selection>
					<Selection>
						<Candidate>
							<CandidateIdentifier Id="396" DisplayOrder="2">
								<CandidateName>Elizabeth Emken</CandidateName>
							</CandidateIdentifier>
							<Affiliation>
								<AffiliationIdentifier Id="Party">
									<RegisteredName />
								</AffiliationIdentifier>
								<Type>Republican</Type>
							</Affiliation>
						</Candidate>
						<ValidVotes>5515</ValidVotes>
						<CountMetric Id="PVP" Type="Percent Votes in Party">100.0</CountMetric>
						<CountMetric Id="PVR" Type="Percent Votes in Race">61.0</CountMetric>
					</Selection>
				</ReportingUnitVotes>
				<ReportingUnitVotes>
					<ReportingUnitIdentifier Id="12">Humboldt</ReportingUnitIdentifier>
					<CountMetric Id="PR" Type="Precincts Reporting">129</CountMetric>
					<CountMetric Id="TP" Type="Total Precincts">129</CountMetric>
					<CountMetric Id="RT" Type="ReportType">0</CountMetric>
					<Selection>
						<Candidate>
							<CandidateIdentifier Id="173" DisplayOrder="1">
								<CandidateName>Dianne Feinstein</CandidateName>
							</CandidateIdentifier>
							<Affiliation>
								<AffiliationIdentifier Id="Party">
									<RegisteredName />
								</AffiliationIdentifier>
								<Type>Democratic</Type>
							</Affiliation>
						</Candidate>
								<AffiliationIdentifier Id="Incumbent">
									<RegisteredName />
								</AffiliationIdentifier>
						<ValidVotes>36162</ValidVotes>
						<CountMetric Id="PVP" Type="Percent Votes in Party">100.0</CountMetric>
						<CountMetric Id="PVR" Type="Percent Votes in Race">65.0</CountMetric>
					</Selection>
					<Selection>
						<Candidate>
							<CandidateIdentifier Id="396" DisplayOrder="2">
								<CandidateName>Elizabeth Emken</CandidateName>
							</CandidateIdentifier>
							<Affiliation>
								<AffiliationIdentifier Id="Party">
									<RegisteredName />
								</AffiliationIdentifier>
								<Type>Republican</Type>
							</Affiliation>
						</Candidate>
						<ValidVotes>19437</ValidVotes>
						<CountMetric Id="PVP" Type="Percent Votes in Party">100.0</CountMetric>
						<CountMetric Id="PVR" Type="Percent Votes in Race">35.0</CountMetric>
					</Selection>
				</ReportingUnitVotes>
				<ReportingUnitVotes>
					<ReportingUnitIdentifier Id="13">Imperial</ReportingUnitIdentifier>
					<CountMetric Id="PR" Type="Precincts Reporting">159</CountMetric>
					<CountMetric Id="TP" Type="Total Precincts">159</CountMetric>
					<CountMetric Id="RT" Type="ReportType">0</CountMetric>
					<Selection>
						<Candidate>
							<CandidateIdentifier Id="173" DisplayOrder="1">
								<CandidateName>Dianne Feinstein</CandidateName>
							</CandidateIdentifier>
							<Affiliation>
								<AffiliationIdentifier Id="Party">
									<RegisteredName />
								</AffiliationIdentifier>
								<Type>Democratic</Type>
							</Affiliation>
						</Candidate>
								<AffiliationIdentifier Id="Incumbent">
									<RegisteredName />
								</AffiliationIdentifier>
						<ValidVotes>25342</ValidVotes>
						<CountMetric Id="PVP" Type="Percent Votes in Party">100.0</CountMetric>
						<CountMetric Id="PVR" Type="Percent Votes in Race">67.2</CountMetric>
					</Selection>
					<Selection>
						<Candidate>
							<CandidateIdentifier Id="396" DisplayOrder="2">
								<CandidateName>Elizabeth Emken</CandidateName>
							</CandidateIdentifier>
							<Affiliation>
								<AffiliationIdentifier Id="Party">
									<RegisteredName />
								</AffiliationIdentifier>
								<Type>Republican</Type>
							</Affiliation>
						</Candidate>
						<ValidVotes>12346</ValidVotes>
						<CountMetric Id="PVP" Type="Percent Votes in Party">100.0</CountMetric>
						<CountMetric Id="PVR" Type="Percent Votes in Race">32.8</CountMetric>
					</Selection>
				</ReportingUnitVotes>
				<ReportingUnitVotes>
					<ReportingUnitIdentifier Id="14">Inyo</ReportingUnitIdentifier>
					<CountMetric Id="PR" Type="Precincts Reporting">24</CountMetric>
					<CountMetric Id="TP" Type="Total Precincts">24</CountMetric>
					<CountMetric Id="RT" Type="ReportType">0</CountMetric>
					<Selection>
						<Candidate>
							<CandidateIdentifier Id="173" DisplayOrder="1">
								<CandidateName>Dianne Feinstein</CandidateName>
							</CandidateIdentifier>
							<Affiliation>
								<AffiliationIdentifier Id="Party">
									<RegisteredName />
								</AffiliationIdentifier>
								<Type>Democratic</Type>
							</Affiliation>
						</Candidate>
								<AffiliationIdentifier Id="Incumbent">
									<RegisteredName />
								</AffiliationIdentifier>
						<ValidVotes>3333</ValidVotes>
						<CountMetric Id="PVP" Type="Percent Votes in Party">100.0</CountMetric>
						<CountMetric Id="PVR" Type="Percent Votes in Race">42.6</CountMetric>
					</Selection>
					<Selection>
						<Candidate>
							<CandidateIdentifier Id="396" DisplayOrder="2">
								<CandidateName>Elizabeth Emken</CandidateName>
							</CandidateIdentifier>
							<Affiliation>
								<AffiliationIdentifier Id="Party">
									<RegisteredName />
								</AffiliationIdentifier>
								<Type>Republican</Type>
							</Affiliation>
						</Candidate>
						<ValidVotes>4494</ValidVotes>
						<CountMetric Id="PVP" Type="Percent Votes in Party">100.0</CountMetric>
						<CountMetric Id="PVR" Type="Percent Votes in Race">57.4</CountMetric>
					</Selection>
				</ReportingUnitVotes>
				<ReportingUnitVotes>
					<ReportingUnitIdentifier Id="15">Kern</ReportingUnitIdentifier>
					<CountMetric Id="PR" Type="Precincts Reporting">583</CountMetric>
					<CountMetric Id="TP" Type="Total Precincts">583</CountMetric>
					<CountMetric Id="RT" Type="ReportType">0</CountMetric>
					<Selection>
						<Candidate>
							<CandidateIdentifier Id="173" DisplayOrder="1">
								<CandidateName>Dianne Feinstein</CandidateName>
							</CandidateIdentifier>
							<Affiliation>
								<AffiliationIdentifier Id="Party">
									<RegisteredName />
								</AffiliationIdentifier>
								<Type>Democratic</Type>
							</Affiliation>
						</Candidate>
								<AffiliationIdentifier Id="Incumbent">
									<RegisteredName />
								</AffiliationIdentifier>
						<ValidVotes>92252</ValidVotes>
						<CountMetric Id="PVP" Type="Percent Votes in Party">100.0</CountMetric>
						<CountMetric Id="PVR" Type="Percent Votes in Race">42.3</CountMetric>
					</Selection>
					<Selection>
						<Candidate>
							<CandidateIdentifier Id="396" DisplayOrder="2">
								<CandidateName>Elizabeth Emken</CandidateName>
							</CandidateIdentifier>
							<Affiliation>
								<AffiliationIdentifier Id="Party">
									<RegisteredName />
								</AffiliationIdentifier>
								<Type>Republican</Type>
							</Affiliation>
						</Candidate>
						<ValidVotes>125906</ValidVotes>
						<CountMetric Id="PVP" Type="Percent Votes in Party">100.0</CountMetric>
						<CountMetric Id="PVR" Type="Percent Votes in Race">57.7</CountMetric>
					</Selection>
				</ReportingUnitVotes>
				<ReportingUnitVotes>
					<ReportingUnitIdentifier Id="16">Kings</ReportingUnitIdentifier>
					<CountMetric Id="PR" Type="Precincts Reporting">182</CountMetric>
					<CountMetric Id="TP" Type="Total Precincts">182</CountMetric>
					<CountMetric Id="RT" Type="ReportType">0</CountMetric>
					<Selection>
						<Candidate>
							<CandidateIdentifier Id="173" DisplayOrder="1">
								<CandidateName>Dianne Feinstein</CandidateName>
							</CandidateIdentifier>
							<Affiliation>
								<AffiliationIdentifier Id="Party">
									<RegisteredName />
								</AffiliationIdentifier>
								<Type>Democratic</Type>
							</Affiliation>
						</Candidate>
								<AffiliationIdentifier Id="Incumbent">
									<RegisteredName />
								</AffiliationIdentifier>
						<ValidVotes>13304</ValidVotes>
						<CountMetric Id="PVP" Type="Percent Votes in Party">100.0</CountMetric>
						<CountMetric Id="PVR" Type="Percent Votes in Race">42.6</CountMetric>
					</Selection>
					<Selection>
						<Candidate>
							<CandidateIdentifier Id="396" DisplayOrder="2">
								<CandidateName>Elizabeth Emken</CandidateName>
							</CandidateIdentifier>
							<Affiliation>
								<AffiliationIdentifier Id="Party">
									<RegisteredName />
								</AffiliationIdentifier>
								<Type>Republican</Type>
							</Affiliation>
						</Candidate>
						<ValidVotes>17916</ValidVotes>
						<CountMetric Id="PVP" Type="Percent Votes in Party">100.0</CountMetric>
						<CountMetric Id="PVR" Type="Percent Votes in Race">57.4</CountMetric>
					</Selection>
				</ReportingUnitVotes>
				<ReportingUnitVotes>
					<ReportingUnitIdentifier Id="17">Lake</ReportingUnitIdentifier>
					<CountMetric Id="PR" Type="Precincts Reporting">70</CountMetric>
					<CountMetric Id="TP" Type="Total Precincts">70</CountMetric>
					<CountMetric Id="RT" Type="ReportType">0</CountMetric>
					<Selection>
						<Candidate>
							<CandidateIdentifier Id="173" DisplayOrder="1">
								<CandidateName>Dianne Feinstein</CandidateName>
							</CandidateIdentifier>
							<Affiliation>
								<AffiliationIdentifier Id="Party">
									<RegisteredName />
								</AffiliationIdentifier>
								<Type>Democratic</Type>
							</Affiliation>
						</Candidate>
								<AffiliationIdentifier Id="Incumbent">
									<RegisteredName />
								</AffiliationIdentifier>
						<ValidVotes>13543</ValidVotes>
						<CountMetric Id="PVP" Type="Percent Votes in Party">100.0</CountMetric>
						<CountMetric Id="PVR" Type="Percent Votes in Race">59.0</CountMetric>
					</Selection>
					<Selection>
						<Candidate>
							<CandidateIdentifier Id="396" DisplayOrder="2">
								<CandidateName>Elizabeth Emken</CandidateName>
							</CandidateIdentifier>
							<Affiliation>
								<AffiliationIdentifier Id="Party">
									<RegisteredName />
								</AffiliationIdentifier>
								<Type>Republican</Type>
							</Affiliation>
						</Candidate>
						<ValidVotes>9424</ValidVotes>
						<CountMetric Id="PVP" Type="Percent Votes in Party">100.0</CountMetric>
						<CountMetric Id="PVR" Type="Percent Votes in Race">41.0</CountMetric>
					</Selection>
				</ReportingUnitVotes>
				<ReportingUnitVotes>
					<ReportingUnitIdentifier Id="18">Lassen</ReportingUnitIdentifier>
					<CountMetric Id="PR" Type="Precincts Reporting">55</CountMetric>
					<CountMetric Id="TP" Type="Total Precincts">55</CountMetric>
					<CountMetric Id="RT" Type="ReportType">0</CountMetric>
					<Selection>
						<Candidate>
							<CandidateIdentifier Id="173" DisplayOrder="1">
								<CandidateName>Dianne Feinstein</CandidateName>
							</CandidateIdentifier>
							<Affiliation>
								<AffiliationIdentifier Id="Party">
									<RegisteredName />
								</AffiliationIdentifier>
								<Type>Democratic</Type>
							</Affiliation>
						</Candidate>
								<AffiliationIdentifier Id="Incumbent">
									<RegisteredName />
								</AffiliationIdentifier>
						<ValidVotes>3150</ValidVotes>
						<CountMetric Id="PVP" Type="Percent Votes in Party">100.0</CountMetric>
						<CountMetric Id="PVR" Type="Percent Votes in Race">29.9</CountMetric>
					</Selection>
					<Selection>
						<Candidate>
							<CandidateIdentifier Id="396" DisplayOrder="2">
								<CandidateName>Elizabeth Emken</CandidateName>
							</CandidateIdentifier>
							<Affiliation>
								<AffiliationIdentifier Id="Party">
									<RegisteredName />
								</AffiliationIdentifier>
								<Type>Republican</Type>
							</Affiliation>
						</Candidate>
						<ValidVotes>7390</ValidVotes>
						<CountMetric Id="PVP" Type="Percent Votes in Party">100.0</CountMetric>
						<CountMetric Id="PVR" Type="Percent Votes in Race">70.1</CountMetric>
					</Selection>
				</ReportingUnitVotes>
				<ReportingUnitVotes>
					<ReportingUnitIdentifier Id="19">Los Angeles</ReportingUnitIdentifier>
					<CountMetric Id="PR" Type="Precincts Reporting">4993</CountMetric>
					<CountMetric Id="TP" Type="Total Precincts">4993</CountMetric>
					<CountMetric Id="RT" Type="ReportType">0</CountMetric>
					<Selection>
						<Candidate>
							<CandidateIdentifier Id="173" DisplayOrder="1">
								<CandidateName>Dianne Feinstein</CandidateName>
							</CandidateIdentifier>
							<Affiliation>
								<AffiliationIdentifier Id="Party">
									<RegisteredName />
								</AffiliationIdentifier>
								<Type>Democratic</Type>
							</Affiliation>
						</Candidate>
								<AffiliationIdentifier Id="Incumbent">
									<RegisteredName />
								</AffiliationIdentifier>
						<ValidVotes>2183654</ValidVotes>
						<CountMetric Id="PVP" Type="Percent Votes in Party">100.0</CountMetric>
						<CountMetric Id="PVR" Type="Percent Votes in Race">71.5</CountMetric>
					</Selection>
					<Selection>
						<Candidate>
							<CandidateIdentifier Id="396" DisplayOrder="2">
								<CandidateName>Elizabeth Emken</CandidateName>
							</CandidateIdentifier>
							<Affiliation>
								<AffiliationIdentifier Id="Party">
									<RegisteredName />
								</AffiliationIdentifier>
								<Type>Republican</Type>
							</Affiliation>
						</Candidate>
						<ValidVotes>868924</ValidVotes>
						<CountMetric Id="PVP" Type="Percent Votes in Party">100.0</CountMetric>
						<CountMetric Id="PVR" Type="Percent Votes in Race">28.5</CountMetric>
					</Selection>
				</ReportingUnitVotes>
				<ReportingUnitVotes>
					<ReportingUnitIdentifier Id="20">Madera</ReportingUnitIdentifier>
					<CountMetric Id="PR" Type="Precincts Reporting">96</CountMetric>
					<CountMetric Id="TP" Type="Total Precincts">96</CountMetric>
					<CountMetric Id="RT" Type="ReportType">0</CountMetric>
					<Selection>
						<Candidate>
							<CandidateIdentifier Id="173" DisplayOrder="1">
								<CandidateName>Dianne Feinstein</CandidateName>
							</CandidateIdentifier>
							<Affiliation>
								<AffiliationIdentifier Id="Party">
									<RegisteredName />
								</AffiliationIdentifier>
								<Type>Democratic</Type>
							</Affiliation>
						</Candidate>
								<AffiliationIdentifier Id="Incumbent">
									<RegisteredName />
								</AffiliationIdentifier>
						<ValidVotes>15997</ValidVotes>
						<CountMetric Id="PVP" Type="Percent Votes in Party">100.0</CountMetric>
						<CountMetric Id="PVR" Type="Percent Votes in Race">41.1</CountMetric>
					</Selection>
					<Selection>
						<Candidate>
							<CandidateIdentifier Id="396" DisplayOrder="2">
								<CandidateName>Elizabeth Emken</CandidateName>
							</CandidateIdentifier>
							<Affiliation>
								<AffiliationIdentifier Id="Party">
									<RegisteredName />
								</AffiliationIdentifier>
								<Type>Republican</Type>
							</Affiliation>
						</Candidate>
						<ValidVotes>22942</ValidVotes>
						<CountMetric Id="PVP" Type="Percent Votes in Party">100.0</CountMetric>
						<CountMetric Id="PVR" Type="Percent Votes in Race">58.9</CountMetric>
					</Selection>
				</ReportingUnitVotes>
				<ReportingUnitVotes>
					<ReportingUnitIdentifier Id="21">Marin</ReportingUnitIdentifier>
					<CountMetric Id="PR" Type="Precincts Reporting">194</CountMetric>
					<CountMetric Id="TP" Type="Total Precincts">194</CountMetric>
					<CountMetric Id="RT" Type="ReportType">0</CountMetric>
					<Selection>
						<Candidate>
							<CandidateIdentifier Id="173" DisplayOrder="1">
								<CandidateName>Dianne Feinstein</CandidateName>
							</CandidateIdentifier>
							<Affiliation>
								<AffiliationIdentifier Id="Party">
									<RegisteredName />
								</AffiliationIdentifier>
								<Type>Democratic</Type>
							</Affiliation>
						</Candidate>
								<AffiliationIdentifier Id="Incumbent">
									<RegisteredName />
								</AffiliationIdentifier>
						<ValidVotes>105153</ValidVotes>
						<CountMetric Id="PVP" Type="Percent Votes in Party">100.0</CountMetric>
						<CountMetric Id="PVR" Type="Percent Votes in Race">80.1</CountMetric>
					</Selection>
					<Selection>
						<Candidate>
							<CandidateIdentifier Id="396" DisplayOrder="2">
								<CandidateName>Elizabeth Emken</CandidateName>
							</CandidateIdentifier>
							<Affiliation>
								<AffiliationIdentifier Id="Party">
									<RegisteredName />
								</AffiliationIdentifier>
								<Type>Republican</Type>
							</Affiliation>
						</Candidate>
						<ValidVotes>26105</ValidVotes>
						<CountMetric Id="PVP" Type="Percent Votes in Party">100.0</CountMetric>
						<CountMetric Id="PVR" Type="Percent Votes in Race">19.9</CountMetric>
					</Selection>
				</ReportingUnitVotes>
				<ReportingUnitVotes>
					<ReportingUnitIdentifier Id="22">Mariposa</ReportingUnitIdentifier>
					<CountMetric Id="PR" Type="Precincts Reporting">25</CountMetric>
					<CountMetric Id="TP" Type="Total Precincts">25</CountMetric>
					<CountMetric Id="RT" Type="ReportType">0</CountMetric>
					<Selection>
						<Candidate>
							<CandidateIdentifier Id="173" DisplayOrder="1">
								<CandidateName>Dianne Feinstein</CandidateName>
							</CandidateIdentifier>
							<Affiliation>
								<AffiliationIdentifier Id="Party">
									<RegisteredName />
								</AffiliationIdentifier>
								<Type>Democratic</Type>
							</Affiliation>
						</Candidate>
								<AffiliationIdentifier Id="Incumbent">
									<RegisteredName />
								</AffiliationIdentifier>
						<ValidVotes>3551</ValidVotes>
						<CountMetric Id="PVP" Type="Percent Votes in Party">100.0</CountMetric>
						<CountMetric Id="PVR" Type="Percent Votes in Race">40.3</CountMetric>
					</Selection>
					<Selection>
						<Candidate>
							<CandidateIdentifier Id="396" DisplayOrder="2">
								<CandidateName>Elizabeth Emken</CandidateName>
							</CandidateIdentifier>
							<Affiliation>
								<AffiliationIdentifier Id="Party">
									<RegisteredName />
								</AffiliationIdentifier>
								<Type>Republican</Type>
							</Affiliation>
						</Candidate>
						<ValidVotes>5268</ValidVotes>
						<CountMetric Id="PVP" Type="Percent Votes in Party">100.0</CountMetric>
						<CountMetric Id="PVR" Type="Percent Votes in Race">59.7</CountMetric>
					</Selection>
				</ReportingUnitVotes>
				<ReportingUnitVotes>
					<ReportingUnitIdentifier Id="23">Mendocino</ReportingUnitIdentifier>
					<CountMetric Id="PR" Type="Precincts Reporting">247</CountMetric>
					<CountMetric Id="TP" Type="Total Precincts">247</CountMetric>
					<CountMetric Id="RT" Type="ReportType">0</CountMetric>
					<Selection>
						<Candidate>
							<CandidateIdentifier Id="173" DisplayOrder="1">
								<CandidateName>Dianne Feinstein</CandidateName>
							</CandidateIdentifier>
							<Affiliation>
								<AffiliationIdentifier Id="Party">
									<RegisteredName />
								</AffiliationIdentifier>
								<Type>Democratic</Type>
							</Affiliation>
						</Candidate>
								<AffiliationIdentifier Id="Incumbent">
									<RegisteredName />
								</AffiliationIdentifier>
						<ValidVotes>24254</ValidVotes>
						<CountMetric Id="PVP" Type="Percent Votes in Party">100.0</CountMetric>
						<CountMetric Id="PVR" Type="Percent Votes in Race">70.3</CountMetric>
					</Selection>
					<Selection>
						<Candidate>
							<CandidateIdentifier Id="396" DisplayOrder="2">
								<CandidateName>Elizabeth Emken</CandidateName>
							</CandidateIdentifier>
							<Affiliation>
								<AffiliationIdentifier Id="Party">
									<RegisteredName />
								</AffiliationIdentifier>
								<Type>Republican</Type>
							</Affiliation>
						</Candidate>
						<ValidVotes>10224</ValidVotes>
						<CountMetric Id="PVP" Type="Percent Votes in Party">100.0</CountMetric>
						<CountMetric Id="PVR" Type="Percent Votes in Race">29.7</CountMetric>
					</Selection>
				</ReportingUnitVotes>
				<ReportingUnitVotes>
					<ReportingUnitIdentifier Id="24">Merced</ReportingUnitIdentifier>
					<CountMetric Id="PR" Type="Precincts Reporting">126</CountMetric>
					<CountMetric Id="TP" Type="Total Precincts">126</CountMetric>
					<CountMetric Id="RT" Type="ReportType">0</CountMetric>
					<Selection>
						<Candidate>
							<CandidateIdentifier Id="173" DisplayOrder="1">
								<CandidateName>Dianne Feinstein</CandidateName>
							</CandidateIdentifier>
							<Affiliation>
								<AffiliationIdentifier Id="Party">
									<RegisteredName />
								</AffiliationIdentifier>
								<Type>Democratic</Type>
							</Affiliation>
						</Candidate>
								<AffiliationIdentifier Id="Incumbent">
									<RegisteredName />
								</AffiliationIdentifier>
						<ValidVotes>32955</ValidVotes>
						<CountMetric Id="PVP" Type="Percent Votes in Party">100.0</CountMetric>
						<CountMetric Id="PVR" Type="Percent Votes in Race">55.0</CountMetric>
					</Selection>
					<Selection>
						<Candidate>
							<CandidateIdentifier Id="396" DisplayOrder="2">
								<CandidateName>Elizabeth Emken</CandidateName>
							</CandidateIdentifier>
							<Affiliation>
								<AffiliationIdentifier Id="Party">
									<RegisteredName />
								</AffiliationIdentifier>
								<Type>Republican</Type>
							</Affiliation>
						</Candidate>
						<ValidVotes>27000</ValidVotes>
						<CountMetric Id="PVP" Type="Percent Votes in Party">100.0</CountMetric>
						<CountMetric Id="PVR" Type="Percent Votes in Race">45.0</CountMetric>
					</Selection>
				</ReportingUnitVotes>
				<ReportingUnitVotes>
					<ReportingUnitIdentifier Id="25">Modoc</ReportingUnitIdentifier>
					<CountMetric Id="PR" Type="Precincts Reporting">21</CountMetric>
					<CountMetric Id="TP" Type="Total Precincts">21</CountMetric>
					<CountMetric Id="RT" Type="ReportType">0</CountMetric>
					<Selection>
						<Candidate>
							<CandidateIdentifier Id="173" DisplayOrder="1">
								<CandidateName>Dianne Feinstein</CandidateName>
							</CandidateIdentifier>
							<Affiliation>
								<AffiliationIdentifier Id="Party">
									<RegisteredName />
								</AffiliationIdentifier>
								<Type>Democratic</Type>
							</Affiliation>
						</Candidate>
								<AffiliationIdentifier Id="Incumbent">
									<RegisteredName />
								</AffiliationIdentifier>
						<ValidVotes>1188</ValidVotes>
						<CountMetric Id="PVP" Type="Percent Votes in Party">100.0</CountMetric>
						<CountMetric Id="PVR" Type="Percent Votes in Race">30.1</CountMetric>
					</Selection>
					<Selection>
						<Candidate>
							<CandidateIdentifier Id="396" DisplayOrder="2">
								<CandidateName>Elizabeth Emken</CandidateName>
							</CandidateIdentifier>
							<Affiliation>
								<AffiliationIdentifier Id="Party">
									<RegisteredName />
								</AffiliationIdentifier>
								<Type>Republican</Type>
							</Affiliation>
						</Candidate>
						<ValidVotes>2761</ValidVotes>
						<CountMetric Id="PVP" Type="Percent Votes in Party">100.0</CountMetric>
						<CountMetric Id="PVR" Type="Percent Votes in Race">69.9</CountMetric>
					</Selection>
				</ReportingUnitVotes>
				<ReportingUnitVotes>
					<ReportingUnitIdentifier Id="26">Mono</ReportingUnitIdentifier>
					<CountMetric Id="PR" Type="Precincts Reporting">13</CountMetric>
					<CountMetric Id="TP" Type="Total Precincts">13</CountMetric>
					<CountMetric Id="RT" Type="ReportType">0</CountMetric>
					<Selection>
						<Candidate>
							<CandidateIdentifier Id="173" DisplayOrder="1">
								<CandidateName>Dianne Feinstein</CandidateName>
							</CandidateIdentifier>
							<Affiliation>
								<AffiliationIdentifier Id="Party">
									<RegisteredName />
								</AffiliationIdentifier>
								<Type>Democratic</Type>
							</Affiliation>
						</Candidate>
								<AffiliationIdentifier Id="Incumbent">
									<RegisteredName />
								</AffiliationIdentifier>
						<ValidVotes>2600</ValidVotes>
						<CountMetric Id="PVP" Type="Percent Votes in Party">100.0</CountMetric>
						<CountMetric Id="PVR" Type="Percent Votes in Race">52.0</CountMetric>
					</Selection>
					<Selection>
						<Candidate>
							<CandidateIdentifier Id="396" DisplayOrder="2">
								<CandidateName>Elizabeth Emken</CandidateName>
							</CandidateIdentifier>
							<Affiliation>
								<AffiliationIdentifier Id="Party">
									<RegisteredName />
								</AffiliationIdentifier>
								<Type>Republican</Type>
							</Affiliation>
						</Candidate>
						<ValidVotes>2404</ValidVotes>
						<CountMetric Id="PVP" Type="Percent Votes in Party">100.0</CountMetric>
						<CountMetric Id="PVR" Type="Percent Votes in Race">48.0</CountMetric>
					</Selection>
				</ReportingUnitVotes>
				<ReportingUnitVotes>
					<ReportingUnitIdentifier Id="27">Monterey</ReportingUnitIdentifier>
					<CountMetric Id="PR" Type="Precincts Reporting">189</CountMetric>
					<CountMetric Id="TP" Type="Total Precincts">189</CountMetric>
					<CountMetric Id="RT" Type="ReportType">0</CountMetric>
					<Selection>
						<Candidate>
							<CandidateIdentifier Id="173" DisplayOrder="1">
								<CandidateName>Dianne Feinstein</CandidateName>
							</CandidateIdentifier>
							<Affiliation>
								<AffiliationIdentifier Id="Party">
									<RegisteredName />
								</AffiliationIdentifier>
								<Type>Democratic</Type>
							</Affiliation>
						</Candidate>
								<AffiliationIdentifier Id="Incumbent">
									<RegisteredName />
								</AffiliationIdentifier>
						<ValidVotes>84585</ValidVotes>
						<CountMetric Id="PVP" Type="Percent Votes in Party">100.0</CountMetric>
						<CountMetric Id="PVR" Type="Percent Votes in Race">69.6</CountMetric>
					</Selection>
					<Selection>
						<Candidate>
							<CandidateIdentifier Id="396" DisplayOrder="2">
								<CandidateName>Elizabeth Emken</CandidateName>
							</CandidateIdentifier>
							<Affiliation>
								<AffiliationIdentifier Id="Party">
									<RegisteredName />
								</AffiliationIdentifier>
								<Type>Republican</Type>
							</Affiliation>
						</Candidate>
						<ValidVotes>36930</ValidVotes>
						<CountMetric Id="PVP" Type="Percent Votes in Party">100.0</CountMetric>
						<CountMetric Id="PVR" Type="Percent Votes in Race">30.4</CountMetric>
					</Selection>
				</ReportingUnitVotes>
				<ReportingUnitVotes>
					<ReportingUnitIdentifier Id="28">Napa</ReportingUnitIdentifier>
					<CountMetric Id="PR" Type="Precincts Reporting">167</CountMetric>
					<CountMetric Id="TP" Type="Total Precincts">167</CountMetric>
					<CountMetric Id="RT" Type="ReportType">0</CountMetric>
					<Selection>
						<Candidate>
							<CandidateIdentifier Id="173" DisplayOrder="1">
								<CandidateName>Dianne Feinstein</CandidateName>
							</CandidateIdentifier>
							<Affiliation>
								<AffiliationIdentifier Id="Party">
									<RegisteredName />
								</AffiliationIdentifier>
								<Type>Democratic</Type>
							</Affiliation>
						</Candidate>
								<AffiliationIdentifier Id="Incumbent">
									<RegisteredName />
								</AffiliationIdentifier>
						<ValidVotes>37122</ValidVotes>
						<CountMetric Id="PVP" Type="Percent Votes in Party">100.0</CountMetric>
						<CountMetric Id="PVR" Type="Percent Votes in Race">66.5</CountMetric>
					</Selection>
					<Selection>
						<Candidate>
							<CandidateIdentifier Id="396" DisplayOrder="2">
								<CandidateName>Elizabeth Emken</CandidateName>
							</CandidateIdentifier>
							<Affiliation>
								<AffiliationIdentifier Id="Party">
									<RegisteredName />
								</AffiliationIdentifier>
								<Type>Republican</Type>
							</Affiliation>
						</Candidate>
						<ValidVotes>18682</ValidVotes>
						<CountMetric Id="PVP" Type="Percent Votes in Party">100.0</CountMetric>
						<CountMetric Id="PVR" Type="Percent Votes in Race">33.5</CountMetric>
					</Selection>
				</ReportingUnitVotes>
				<ReportingUnitVotes>
					<ReportingUnitIdentifier Id="29">Nevada</ReportingUnitIdentifier>
					<CountMetric Id="PR" Type="Precincts Reporting">140</CountMetric>
					<CountMetric Id="TP" Type="Total Precincts">140</CountMetric>
					<CountMetric Id="RT" Type="ReportType">0</CountMetric>
					<Selection>
						<Candidate>
							<CandidateIdentifier Id="173" DisplayOrder="1">
								<CandidateName>Dianne Feinstein</CandidateName>
							</CandidateIdentifier>
							<Affiliation>
								<AffiliationIdentifier Id="Party">
									<RegisteredName />
								</AffiliationIdentifier>
								<Type>Democratic</Type>
							</Affiliation>
						</Candidate>
								<AffiliationIdentifier Id="Incumbent">
									<RegisteredName />
								</AffiliationIdentifier>
						<ValidVotes>25495</ValidVotes>
						<CountMetric Id="PVP" Type="Percent Votes in Party">100.0</CountMetric>
						<CountMetric Id="PVR" Type="Percent Votes in Race">50.4</CountMetric>
					</Selection>
					<Selection>
						<Candidate>
							<CandidateIdentifier Id="396" DisplayOrder="2">
								<CandidateName>Elizabeth Emken</CandidateName>
							</CandidateIdentifier>
							<Affiliation>
								<AffiliationIdentifier Id="Party">
									<RegisteredName />
								</AffiliationIdentifier>
								<Type>Republican</Type>
							</Affiliation>
						</Candidate>
						<ValidVotes>25078</ValidVotes>
						<CountMetric Id="PVP" Type="Percent Votes in Party">100.0</CountMetric>
						<CountMetric Id="PVR" Type="Percent Votes in Race">49.6</CountMetric>
					</Selection>
				</ReportingUnitVotes>
				<ReportingUnitVotes>
					<ReportingUnitIdentifier Id="30">Orange</ReportingUnitIdentifier>
					<CountMetric Id="PR" Type="Precincts Reporting">1977</CountMetric>
					<CountMetric Id="TP" Type="Total Precincts">1977</CountMetric>
					<CountMetric Id="RT" Type="ReportType">0</CountMetric>
					<Selection>
						<Candidate>
							<CandidateIdentifier Id="173" DisplayOrder="1">
								<CandidateName>Dianne Feinstein</CandidateName>
							</CandidateIdentifier>
							<Affiliation>
								<AffiliationIdentifier Id="Party">
									<RegisteredName />
								</AffiliationIdentifier>
								<Type>Democratic</Type>
							</Affiliation>
						</Candidate>
								<AffiliationIdentifier Id="Incumbent">
									<RegisteredName />
								</AffiliationIdentifier>
						<ValidVotes>515902</ValidVotes>
						<CountMetric Id="PVP" Type="Percent Votes in Party">100.0</CountMetric>
						<CountMetric Id="PVR" Type="Percent Votes in Race">47.5</CountMetric>
					</Selection>
					<Selection>
						<Candidate>
							<CandidateIdentifier Id="396" DisplayOrder="2">
								<CandidateName>Elizabeth Emken</CandidateName>
							</CandidateIdentifier>
							<Affiliation>
								<AffiliationIdentifier Id="Party">
									<RegisteredName />
								</AffiliationIdentifier>
								<Type>Republican</Type>
							</Affiliation>
						</Candidate>
						<ValidVotes>570574</ValidVotes>
						<CountMetric Id="PVP" Type="Percent Votes in Party">100.0</CountMetric>
						<CountMetric Id="PVR" Type="Percent Votes in Race">52.5</CountMetric>
					</Selection>
				</ReportingUnitVotes>
				<ReportingUnitVotes>
					<ReportingUnitIdentifier Id="31">Placer</ReportingUnitIdentifier>
					<CountMetric Id="PR" Type="Precincts Reporting">350</CountMetric>
					<CountMetric Id="TP" Type="Total Precincts">350</CountMetric>
					<CountMetric Id="RT" Type="ReportType">0</CountMetric>
					<Selection>
						<Candidate>
							<CandidateIdentifier Id="173" DisplayOrder="1">
								<CandidateName>Dianne Feinstein</CandidateName>
							</CandidateIdentifier>
							<Affiliation>
								<AffiliationIdentifier Id="Party">
									<RegisteredName />
								</AffiliationIdentifier>
								<Type>Democratic</Type>
							</Affiliation>
						</Candidate>
								<AffiliationIdentifier Id="Incumbent">
									<RegisteredName />
								</AffiliationIdentifier>
						<ValidVotes>68599</ValidVotes>
						<CountMetric Id="PVP" Type="Percent Votes in Party">100.0</CountMetric>
						<CountMetric Id="PVR" Type="Percent Votes in Race">41.4</CountMetric>
					</Selection>
					<Selection>
						<Candidate>
							<CandidateIdentifier Id="396" DisplayOrder="2">
								<CandidateName>Elizabeth Emken</CandidateName>
							</CandidateIdentifier>
							<Affiliation>
								<AffiliationIdentifier Id="Party">
									<RegisteredName />
								</AffiliationIdentifier>
								<Type>Republican</Type>
							</Affiliation>
						</Candidate>
						<ValidVotes>97139</ValidVotes>
						<CountMetric Id="PVP" Type="Percent Votes in Party">100.0</CountMetric>
						<CountMetric Id="PVR" Type="Percent Votes in Race">58.6</CountMetric>
					</Selection>
				</ReportingUnitVotes>
				<ReportingUnitVotes>
					<ReportingUnitIdentifier Id="32">Plumas</ReportingUnitIdentifier>
					<CountMetric Id="PR" Type="Precincts Reporting">29</CountMetric>
					<CountMetric Id="TP" Type="Total Precincts">29</CountMetric>
					<CountMetric Id="RT" Type="ReportType">0</CountMetric>
					<Selection>
						<Candidate>
							<CandidateIdentifier Id="173" DisplayOrder="1">
								<CandidateName>Dianne Feinstein</CandidateName>
							</CandidateIdentifier>
							<Affiliation>
								<AffiliationIdentifier Id="Party">
									<RegisteredName />
								</AffiliationIdentifier>
								<Type>Democratic</Type>
							</Affiliation>
						</Candidate>
								<AffiliationIdentifier Id="Incumbent">
									<RegisteredName />
								</AffiliationIdentifier>
						<ValidVotes>4162</ValidVotes>
						<CountMetric Id="PVP" Type="Percent Votes in Party">100.0</CountMetric>
						<CountMetric Id="PVR" Type="Percent Votes in Race">42.8</CountMetric>
					</Selection>
					<Selection>
						<Candidate>
							<CandidateIdentifier Id="396" DisplayOrder="2">
								<CandidateName>Elizabeth Emken</CandidateName>
							</CandidateIdentifier>
							<Affiliation>
								<AffiliationIdentifier Id="Party">
									<RegisteredName />
								</AffiliationIdentifier>
								<Type>Republican</Type>
							</Affiliation>
						</Candidate>
						<ValidVotes>5560</ValidVotes>
						<CountMetric Id="PVP" Type="Percent Votes in Party">100.0</CountMetric>
						<CountMetric Id="PVR" Type="Percent Votes in Race">57.2</CountMetric>
					</Selection>
				</ReportingUnitVotes>
				<ReportingUnitVotes>
					<ReportingUnitIdentifier Id="33">Riverside</ReportingUnitIdentifier>
					<CountMetric Id="PR" Type="Precincts Reporting">1218</CountMetric>
					<CountMetric Id="TP" Type="Total Precincts">1218</CountMetric>
					<CountMetric Id="RT" Type="ReportType">0</CountMetric>
					<Selection>
						<Candidate>
							<CandidateIdentifier Id="173" DisplayOrder="1">
								<CandidateName>Dianne Feinstein</CandidateName>
							</CandidateIdentifier>
							<Affiliation>
								<AffiliationIdentifier Id="Party">
									<RegisteredName />
								</AffiliationIdentifier>
								<Type>Democratic</Type>
							</Affiliation>
						</Candidate>
								<AffiliationIdentifier Id="Incumbent">
									<RegisteredName />
								</AffiliationIdentifier>
						<ValidVotes>327698</ValidVotes>
						<CountMetric Id="PVP" Type="Percent Votes in Party">100.0</CountMetric>
						<CountMetric Id="PVR" Type="Percent Votes in Race">51.9</CountMetric>
					</Selection>
					<Selection>
						<Candidate>
							<CandidateIdentifier Id="396" DisplayOrder="2">
								<CandidateName>Elizabeth Emken</CandidateName>
							</CandidateIdentifier>
							<Affiliation>
								<AffiliationIdentifier Id="Party">
									<RegisteredName />
								</AffiliationIdentifier>
								<Type>Republican</Type>
							</Affiliation>
						</Candidate>
						<ValidVotes>303651</ValidVotes>
						<CountMetric Id="PVP" Type="Percent Votes in Party">100.0</CountMetric>
						<CountMetric Id="PVR" Type="Percent Votes in Race">48.1</CountMetric>
					</Selection>
				</ReportingUnitVotes>
				<ReportingUnitVotes>
					<ReportingUnitIdentifier Id="34">Sacramento</ReportingUnitIdentifier>
					<CountMetric Id="PR" Type="Precincts Reporting">1106</CountMetric>
					<CountMetric Id="TP" Type="Total Precincts">1106</CountMetric>
					<CountMetric Id="RT" Type="ReportType">0</CountMetric>
					<Selection>
						<Candidate>
							<CandidateIdentifier Id="173" DisplayOrder="1">
								<CandidateName>Dianne Feinstein</CandidateName>
							</CandidateIdentifier>
							<Affiliation>
								<AffiliationIdentifier Id="Party">
									<RegisteredName />
								</AffiliationIdentifier>
								<Type>Democratic</Type>
							</Affiliation>
						</Candidate>
								<AffiliationIdentifier Id="Incumbent">
									<RegisteredName />
								</AffiliationIdentifier>
						<ValidVotes>302078</ValidVotes>
						<CountMetric Id="PVP" Type="Percent Votes in Party">100.0</CountMetric>
						<CountMetric Id="PVR" Type="Percent Votes in Race">60.7</CountMetric>
					</Selection>
					<Selection>
						<Candidate>
							<CandidateIdentifier Id="396" DisplayOrder="2">
								<CandidateName>Elizabeth Emken</CandidateName>
							</CandidateIdentifier>
							<Affiliation>
								<AffiliationIdentifier Id="Party">
									<RegisteredName />
								</AffiliationIdentifier>
								<Type>Republican</Type>
							</Affiliation>
						</Candidate>
						<ValidVotes>195412</ValidVotes>
						<CountMetric Id="PVP" Type="Percent Votes in Party">100.0</CountMetric>
						<CountMetric Id="PVR" Type="Percent Votes in Race">39.3</CountMetric>
					</Selection>
				</ReportingUnitVotes>
				<ReportingUnitVotes>
					<ReportingUnitIdentifier Id="35">San Benito</ReportingUnitIdentifier>
					<CountMetric Id="PR" Type="Precincts Reporting">44</CountMetric>
					<CountMetric Id="TP" Type="Total Precincts">44</CountMetric>
					<CountMetric Id="RT" Type="ReportType">0</CountMetric>
					<Selection>
						<Candidate>
							<CandidateIdentifier Id="173" DisplayOrder="1">
								<CandidateName>Dianne Feinstein</CandidateName>
							</CandidateIdentifier>
							<Affiliation>
								<AffiliationIdentifier Id="Party">
									<RegisteredName />
								</AffiliationIdentifier>
								<Type>Democratic</Type>
							</Affiliation>
						</Candidate>
								<AffiliationIdentifier Id="Incumbent">
									<RegisteredName />
								</AffiliationIdentifier>
						<ValidVotes>11389</ValidVotes>
						<CountMetric Id="PVP" Type="Percent Votes in Party">100.0</CountMetric>
						<CountMetric Id="PVR" Type="Percent Votes in Race">61.1</CountMetric>
					</Selection>
					<Selection>
						<Candidate>
							<CandidateIdentifier Id="396" DisplayOrder="2">
								<CandidateName>Elizabeth Emken</CandidateName>
							</CandidateIdentifier>
							<Affiliation>
								<AffiliationIdentifier Id="Party">
									<RegisteredName />
								</AffiliationIdentifier>
								<Type>Republican</Type>
							</Affiliation>
						</Candidate>
						<ValidVotes>7255</ValidVotes>
						<CountMetric Id="PVP" Type="Percent Votes in Party">100.0</CountMetric>
						<CountMetric Id="PVR" Type="Percent Votes in Race">38.9</CountMetric>
					</Selection>
				</ReportingUnitVotes>
				<ReportingUnitVotes>
					<ReportingUnitIdentifier Id="36">San Bernardino</ReportingUnitIdentifier>
					<CountMetric Id="PR" Type="Precincts Reporting">1609</CountMetric>
					<CountMetric Id="TP" Type="Total Precincts">1609</CountMetric>
					<CountMetric Id="RT" Type="ReportType">0</CountMetric>
					<Selection>
						<Candidate>
							<CandidateIdentifier Id="173" DisplayOrder="1">
								<CandidateName>Dianne Feinstein</CandidateName>
							</CandidateIdentifier>
							<Affiliation>
								<AffiliationIdentifier Id="Party">
									<RegisteredName />
								</AffiliationIdentifier>
								<Type>Democratic</Type>
							</Affiliation>
						</Candidate>
								<AffiliationIdentifier Id="Incumbent">
									<RegisteredName />
								</AffiliationIdentifier>
						<ValidVotes>298067</ValidVotes>
						<CountMetric Id="PVP" Type="Percent Votes in Party">100.0</CountMetric>
						<CountMetric Id="PVR" Type="Percent Votes in Race">54.0</CountMetric>
					</Selection>
					<Selection>
						<Candidate>
							<CandidateIdentifier Id="396" DisplayOrder="2">
								<CandidateName>Elizabeth Emken</CandidateName>
							</CandidateIdentifier>
							<Affiliation>
								<AffiliationIdentifier Id="Party">
									<RegisteredName />
								</AffiliationIdentifier>
								<Type>Republican</Type>
							</Affiliation>
						</Candidate>
						<ValidVotes>253433</ValidVotes>
						<CountMetric Id="PVP" Type="Percent Votes in Party">100.0</CountMetric>
						<CountMetric Id="PVR" Type="Percent Votes in Race">46.0</CountMetric>
					</Selection>
				</ReportingUnitVotes>
				<ReportingUnitVotes>
					<ReportingUnitIdentifier Id="37">San Diego</ReportingUnitIdentifier>
					<CountMetric Id="PR" Type="Precincts Reporting">2064</CountMetric>
					<CountMetric Id="TP" Type="Total Precincts">2064</CountMetric>
					<CountMetric Id="RT" Type="ReportType">0</CountMetric>
					<Selection>
						<Candidate>
							<CandidateIdentifier Id="173" DisplayOrder="1">
								<CandidateName>Dianne Feinstein</CandidateName>
							</CandidateIdentifier>
							<Affiliation>
								<AffiliationIdentifier Id="Party">
									<RegisteredName />
								</AffiliationIdentifier>
								<Type>Democratic</Type>
							</Affiliation>
						</Candidate>
								<AffiliationIdentifier Id="Incumbent">
									<RegisteredName />
								</AffiliationIdentifier>
						<ValidVotes>622781</ValidVotes>
						<CountMetric Id="PVP" Type="Percent Votes in Party">100.0</CountMetric>
						<CountMetric Id="PVR" Type="Percent Votes in Race">54.4</CountMetric>
					</Selection>
					<Selection>
						<Candidate>
							<CandidateIdentifier Id="396" DisplayOrder="2">
								<CandidateName>Elizabeth Emken</CandidateName>
							</CandidateIdentifier>
							<Affiliation>
								<AffiliationIdentifier Id="Party">
									<RegisteredName />
								</AffiliationIdentifier>
								<Type>Republican</Type>
							</Affiliation>
						</Candidate>
						<ValidVotes>521884</ValidVotes>
						<CountMetric Id="PVP" Type="Percent Votes in Party">100.0</CountMetric>
						<CountMetric Id="PVR" Type="Percent Votes in Race">45.6</CountMetric>
					</Selection>
				</ReportingUnitVotes>
				<ReportingUnitVotes>
					<ReportingUnitIdentifier Id="38">San Francisco</ReportingUnitIdentifier>
					<CountMetric Id="PR" Type="Precincts Reporting">597</CountMetric>
					<CountMetric Id="TP" Type="Total Precincts">597</CountMetric>
					<CountMetric Id="RT" Type="ReportType">0</CountMetric>
					<Selection>
						<Candidate>
							<CandidateIdentifier Id="173" DisplayOrder="1">
								<CandidateName>Dianne Feinstein</CandidateName>
							</CandidateIdentifier>
							<Affiliation>
								<AffiliationIdentifier Id="Party">
									<RegisteredName />
								</AffiliationIdentifier>
								<Type>Democratic</Type>
							</Affiliation>
						</Candidate>
								<AffiliationIdentifier Id="Incumbent">
									<RegisteredName />
								</AffiliationIdentifier>
						<ValidVotes>305126</ValidVotes>
						<CountMetric Id="PVP" Type="Percent Votes in Party">100.0</CountMetric>
						<CountMetric Id="PVR" Type="Percent Votes in Race">88.5</CountMetric>
					</Selection>
					<Selection>
						<Candidate>
							<CandidateIdentifier Id="396" DisplayOrder="2">
								<CandidateName>Elizabeth Emken</CandidateName>
							</CandidateIdentifier>
							<Affiliation>
								<AffiliationIdentifier Id="Party">
									<RegisteredName />
								</AffiliationIdentifier>
								<Type>Republican</Type>
							</Affiliation>
						</Candidate>
						<ValidVotes>39589</ValidVotes>
						<CountMetric Id="PVP" Type="Percent Votes in Party">100.0</CountMetric>
						<CountMetric Id="PVR" Type="Percent Votes in Race">11.5</CountMetric>
					</Selection>
				</ReportingUnitVotes>
				<ReportingUnitVotes>
					<ReportingUnitIdentifier Id="39">San Joaquin</ReportingUnitIdentifier>
					<CountMetric Id="PR" Type="Precincts Reporting">430</CountMetric>
					<CountMetric Id="TP" Type="Total Precincts">430</CountMetric>
					<CountMetric Id="RT" Type="ReportType">0</CountMetric>
					<Selection>
						<Candidate>
							<CandidateIdentifier Id="173" DisplayOrder="1">
								<CandidateName>Dianne Feinstein</CandidateName>
							</CandidateIdentifier>
							<Affiliation>
								<AffiliationIdentifier Id="Party">
									<RegisteredName />
								</AffiliationIdentifier>
								<Type>Democratic</Type>
							</Affiliation>
						</Candidate>
								<AffiliationIdentifier Id="Incumbent">
									<RegisteredName />
								</AffiliationIdentifier>
						<ValidVotes>113706</ValidVotes>
						<CountMetric Id="PVP" Type="Percent Votes in Party">100.0</CountMetric>
						<CountMetric Id="PVR" Type="Percent Votes in Race">57.0</CountMetric>
					</Selection>
					<Selection>
						<Candidate>
							<CandidateIdentifier Id="396" DisplayOrder="2">
								<CandidateName>Elizabeth Emken</CandidateName>
							</CandidateIdentifier>
							<Affiliation>
								<AffiliationIdentifier Id="Party">
									<RegisteredName />
								</AffiliationIdentifier>
								<Type>Republican</Type>
							</Affiliation>
						</Candidate>
						<ValidVotes>85787</ValidVotes>
						<CountMetric Id="PVP" Type="Percent Votes in Party">100.0</CountMetric>
						<CountMetric Id="PVR" Type="Percent Votes in Race">43.0</CountMetric>
					</Selection>
				</ReportingUnitVotes>
				<ReportingUnitVotes>
					<ReportingUnitIdentifier Id="40">San Luis Obispo</ReportingUnitIdentifier>
					<CountMetric Id="PR" Type="Precincts Reporting">147</CountMetric>
					<CountMetric Id="TP" Type="Total Precincts">147</CountMetric>
					<CountMetric Id="RT" Type="ReportType">0</CountMetric>
					<Selection>
						<Candidate>
							<CandidateIdentifier Id="173" DisplayOrder="1">
								<CandidateName>Dianne Feinstein</CandidateName>
							</CandidateIdentifier>
							<Affiliation>
								<AffiliationIdentifier Id="Party">
									<RegisteredName />
								</AffiliationIdentifier>
								<Type>Democratic</Type>
							</Affiliation>
						</Candidate>
								<AffiliationIdentifier Id="Incumbent">
									<RegisteredName />
								</AffiliationIdentifier>
						<ValidVotes>62216</ValidVotes>
						<CountMetric Id="PVP" Type="Percent Votes in Party">100.0</CountMetric>
						<CountMetric Id="PVR" Type="Percent Votes in Race">50.8</CountMetric>
					</Selection>
					<Selection>
						<Candidate>
							<CandidateIdentifier Id="396" DisplayOrder="2">
								<CandidateName>Elizabeth Emken</CandidateName>
							</CandidateIdentifier>
							<Affiliation>
								<AffiliationIdentifier Id="Party">
									<RegisteredName />
								</AffiliationIdentifier>
								<Type>Republican</Type>
							</Affiliation>
						</Candidate>
						<ValidVotes>60262</ValidVotes>
						<CountMetric Id="PVP" Type="Percent Votes in Party">100.0</CountMetric>
						<CountMetric Id="PVR" Type="Percent Votes in Race">49.2</CountMetric>
					</Selection>
				</ReportingUnitVotes>
				<ReportingUnitVotes>
					<ReportingUnitIdentifier Id="41">San Mateo</ReportingUnitIdentifier>
					<CountMetric Id="PR" Type="Precincts Reporting">468</CountMetric>
					<CountMetric Id="TP" Type="Total Precincts">468</CountMetric>
					<CountMetric Id="RT" Type="ReportType">0</CountMetric>
					<Selection>
						<Candidate>
							<CandidateIdentifier Id="173" DisplayOrder="1">
								<CandidateName>Dianne Feinstein</CandidateName>
							</CandidateIdentifier>
							<Affiliation>
								<AffiliationIdentifier Id="Party">
									<RegisteredName />
								</AffiliationIdentifier>
								<Type>Democratic</Type>
							</Affiliation>
						</Candidate>
								<AffiliationIdentifier Id="Incumbent">
									<RegisteredName />
								</AffiliationIdentifier>
						<ValidVotes>213503</ValidVotes>
						<CountMetric Id="PVP" Type="Percent Votes in Party">100.0</CountMetric>
						<CountMetric Id="PVR" Type="Percent Votes in Race">77.2</CountMetric>
					</Selection>
					<Selection>
						<Candidate>
							<CandidateIdentifier Id="396" DisplayOrder="2">
								<CandidateName>Elizabeth Emken</CandidateName>
							</CandidateIdentifier>
							<Affiliation>
								<AffiliationIdentifier Id="Party">
									<RegisteredName />
								</AffiliationIdentifier>
								<Type>Republican</Type>
							</Affiliation>
						</Candidate>
						<ValidVotes>62979</ValidVotes>
						<CountMetric Id="PVP" Type="Percent Votes in Party">100.0</CountMetric>
						<CountMetric Id="PVR" Type="Percent Votes in Race">22.8</CountMetric>
					</Selection>
				</ReportingUnitVotes>
				<ReportingUnitVotes>
					<ReportingUnitIdentifier Id="42">Santa Barbara</ReportingUnitIdentifier>
					<CountMetric Id="PR" Type="Precincts Reporting">257</CountMetric>
					<CountMetric Id="TP" Type="Total Precincts">257</CountMetric>
					<CountMetric Id="RT" Type="ReportType">0</CountMetric>
					<Selection>
						<Candidate>
							<CandidateIdentifier Id="173" DisplayOrder="1">
								<CandidateName>Dianne Feinstein</CandidateName>
							</CandidateIdentifier>
							<Affiliation>
								<AffiliationIdentifier Id="Party">
									<RegisteredName />
								</AffiliationIdentifier>
								<Type>Democratic</Type>
							</Affiliation>
						</Candidate>
								<AffiliationIdentifier Id="Incumbent">
									<RegisteredName />
								</AffiliationIdentifier>
						<ValidVotes>93921</ValidVotes>
						<CountMetric Id="PVP" Type="Percent Votes in Party">100.0</CountMetric>
						<CountMetric Id="PVR" Type="Percent Votes in Race">59.6</CountMetric>
					</Selection>
					<Selection>
						<Candidate>
							<CandidateIdentifier Id="396" DisplayOrder="2">
								<CandidateName>Elizabeth Emken</CandidateName>
							</CandidateIdentifier>
							<Affiliation>
								<AffiliationIdentifier Id="Party">
									<RegisteredName />
								</AffiliationIdentifier>
								<Type>Republican</Type>
							</Affiliation>
						</Candidate>
						<ValidVotes>63599</ValidVotes>
						<CountMetric Id="PVP" Type="Percent Votes in Party">100.0</CountMetric>
						<CountMetric Id="PVR" Type="Percent Votes in Race">40.4</CountMetric>
					</Selection>
				</ReportingUnitVotes>
				<ReportingUnitVotes>
					<ReportingUnitIdentifier Id="43">Santa Clara</ReportingUnitIdentifier>
					<CountMetric Id="PR" Type="Precincts Reporting">1000</CountMetric>
					<CountMetric Id="TP" Type="Total Precincts">1000</CountMetric>
					<CountMetric Id="RT" Type="ReportType">0</CountMetric>
					<Selection>
						<Candidate>
							<CandidateIdentifier Id="173" DisplayOrder="1">
								<CandidateName>Dianne Feinstein</CandidateName>
							</CandidateIdentifier>
							<Affiliation>
								<AffiliationIdentifier Id="Party">
									<RegisteredName />
								</AffiliationIdentifier>
								<Type>Democratic</Type>
							</Affiliation>
						</Candidate>
								<AffiliationIdentifier Id="Incumbent">
									<RegisteredName />
								</AffiliationIdentifier>
						<ValidVotes>454647</ValidVotes>
						<CountMetric Id="PVP" Type="Percent Votes in Party">100.0</CountMetric>
						<CountMetric Id="PVR" Type="Percent Votes in Race">72.9</CountMetric>
					</Selection>
					<Selection>
						<Candidate>
							<CandidateIdentifier Id="396" DisplayOrder="2">
								<CandidateName>Elizabeth Emken</CandidateName>
							</CandidateIdentifier>
							<Affiliation>
								<AffiliationIdentifier Id="Party">
									<RegisteredName />
								</AffiliationIdentifier>
								<Type>Republican</Type>
							</Affiliation>
						</Candidate>
						<ValidVotes>168722</ValidVotes>
						<CountMetric Id="PVP" Type="Percent Votes in Party">100.0</CountMetric>
						<CountMetric Id="PVR" Type="Percent Votes in Race">27.1</CountMetric>
					</Selection>
				</ReportingUnitVotes>
				<ReportingUnitVotes>
					<ReportingUnitIdentifier Id="44">Santa Cruz</ReportingUnitIdentifier>
					<CountMetric Id="PR" Type="Precincts Reporting">253</CountMetric>
					<CountMetric Id="TP" Type="Total Precincts">253</CountMetric>
					<CountMetric Id="RT" Type="ReportType">0</CountMetric>
					<Selection>
						<Candidate>
							<CandidateIdentifier Id="173" DisplayOrder="1">
								<CandidateName>Dianne Feinstein</CandidateName>
							</CandidateIdentifier>
							<Affiliation>
								<AffiliationIdentifier Id="Party">
									<RegisteredName />
								</AffiliationIdentifier>
								<Type>Democratic</Type>
							</Affiliation>
						</Candidate>
								<AffiliationIdentifier Id="Incumbent">
									<RegisteredName />
								</AffiliationIdentifier>
						<ValidVotes>91109</ValidVotes>
						<CountMetric Id="PVP" Type="Percent Votes in Party">100.0</CountMetric>
						<CountMetric Id="PVR" Type="Percent Votes in Race">78.2</CountMetric>
					</Selection>
					<Selection>
						<Candidate>
							<CandidateIdentifier Id="396" DisplayOrder="2">
								<CandidateName>Elizabeth Emken</CandidateName>
							</CandidateIdentifier>
							<Affiliation>
								<AffiliationIdentifier Id="Party">
									<RegisteredName />
								</AffiliationIdentifier>
								<Type>Republican</Type>
							</Affiliation>
						</Candidate>
						<ValidVotes>25463</ValidVotes>
						<CountMetric Id="PVP" Type="Percent Votes in Party">100.0</CountMetric>
						<CountMetric Id="PVR" Type="Percent Votes in Race">21.8</CountMetric>
					</Selection>
				</ReportingUnitVotes>
				<ReportingUnitVotes>
					<ReportingUnitIdentifier Id="45">Shasta</ReportingUnitIdentifier>
					<CountMetric Id="PR" Type="Precincts Reporting">142</CountMetric>
					<CountMetric Id="TP" Type="Total Precincts">142</CountMetric>
					<CountMetric Id="RT" Type="ReportType">0</CountMetric>
					<Selection>
						<Candidate>
							<CandidateIdentifier Id="173" DisplayOrder="1">
								<CandidateName>Dianne Feinstein</CandidateName>
							</CandidateIdentifier>
							<Affiliation>
								<AffiliationIdentifier Id="Party">
									<RegisteredName />
								</AffiliationIdentifier>
								<Type>Democratic</Type>
							</Affiliation>
						</Candidate>
								<AffiliationIdentifier Id="Incumbent">
									<RegisteredName />
								</AffiliationIdentifier>
						<ValidVotes>27155</ValidVotes>
						<CountMetric Id="PVP" Type="Percent Votes in Party">100.0</CountMetric>
						<CountMetric Id="PVR" Type="Percent Votes in Race">36.5</CountMetric>
					</Selection>
					<Selection>
						<Candidate>
							<CandidateIdentifier Id="396" DisplayOrder="2">
								<CandidateName>Elizabeth Emken</CandidateName>
							</CandidateIdentifier>
							<Affiliation>
								<AffiliationIdentifier Id="Party">
									<RegisteredName />
								</AffiliationIdentifier>
								<Type>Republican</Type>
							</Affiliation>
						</Candidate>
						<ValidVotes>47184</ValidVotes>
						<CountMetric Id="PVP" Type="Percent Votes in Party">100.0</CountMetric>
						<CountMetric Id="PVR" Type="Percent Votes in Race">63.5</CountMetric>
					</Selection>
				</ReportingUnitVotes>
				<ReportingUnitVotes>
					<ReportingUnitIdentifier Id="46">Sierra</ReportingUnitIdentifier>
					<CountMetric Id="PR" Type="Precincts Reporting">22</CountMetric>
					<CountMetric Id="TP" Type="Total Precincts">22</CountMetric>
					<CountMetric Id="RT" Type="ReportType">0</CountMetric>
					<Selection>
						<Candidate>
							<CandidateIdentifier Id="173" DisplayOrder="1">
								<CandidateName>Dianne Feinstein</CandidateName>
							</CandidateIdentifier>
							<Affiliation>
								<AffiliationIdentifier Id="Party">
									<RegisteredName />
								</AffiliationIdentifier>
								<Type>Democratic</Type>
							</Affiliation>
						</Candidate>
								<AffiliationIdentifier Id="Incumbent">
									<RegisteredName />
								</AffiliationIdentifier>
						<ValidVotes>677</ValidVotes>
						<CountMetric Id="PVP" Type="Percent Votes in Party">100.0</CountMetric>
						<CountMetric Id="PVR" Type="Percent Votes in Race">38.6</CountMetric>
					</Selection>
					<Selection>
						<Candidate>
							<CandidateIdentifier Id="396" DisplayOrder="2">
								<CandidateName>Elizabeth Emken</CandidateName>
							</CandidateIdentifier>
							<Affiliation>
								<AffiliationIdentifier Id="Party">
									<RegisteredName />
								</AffiliationIdentifier>
								<Type>Republican</Type>
							</Affiliation>
						</Candidate>
						<ValidVotes>1078</ValidVotes>
						<CountMetric Id="PVP" Type="Percent Votes in Party">100.0</CountMetric>
						<CountMetric Id="PVR" Type="Percent Votes in Race">61.4</CountMetric>
					</Selection>
				</ReportingUnitVotes>
				<ReportingUnitVotes>
					<ReportingUnitIdentifier Id="47">Siskiyou</ReportingUnitIdentifier>
					<CountMetric Id="PR" Type="Precincts Reporting">60</CountMetric>
					<CountMetric Id="TP" Type="Total Precincts">60</CountMetric>
					<CountMetric Id="RT" Type="ReportType">0</CountMetric>
					<Selection>
						<Candidate>
							<CandidateIdentifier Id="173" DisplayOrder="1">
								<CandidateName>Dianne Feinstein</CandidateName>
							</CandidateIdentifier>
							<Affiliation>
								<AffiliationIdentifier Id="Party">
									<RegisteredName />
								</AffiliationIdentifier>
								<Type>Democratic</Type>
							</Affiliation>
						</Candidate>
								<AffiliationIdentifier Id="Incumbent">
									<RegisteredName />
								</AffiliationIdentifier>
						<ValidVotes>8196</ValidVotes>
						<CountMetric Id="PVP" Type="Percent Votes in Party">100.0</CountMetric>
						<CountMetric Id="PVR" Type="Percent Votes in Race">42.0</CountMetric>
					</Selection>
					<Selection>
						<Candidate>
							<CandidateIdentifier Id="396" DisplayOrder="2">
								<CandidateName>Elizabeth Emken</CandidateName>
							</CandidateIdentifier>
							<Affiliation>
								<AffiliationIdentifier Id="Party">
									<RegisteredName />
								</AffiliationIdentifier>
								<Type>Republican</Type>
							</Affiliation>
						</Candidate>
						<ValidVotes>11334</ValidVotes>
						<CountMetric Id="PVP" Type="Percent Votes in Party">100.0</CountMetric>
						<CountMetric Id="PVR" Type="Percent Votes in Race">58.0</CountMetric>
					</Selection>
				</ReportingUnitVotes>
				<ReportingUnitVotes>
					<ReportingUnitIdentifier Id="48">Solano</ReportingUnitIdentifier>
					<CountMetric Id="PR" Type="Precincts Reporting">199</CountMetric>
					<CountMetric Id="TP" Type="Total Precincts">199</CountMetric>
					<CountMetric Id="RT" Type="ReportType">0</CountMetric>
					<Selection>
						<Candidate>
							<CandidateIdentifier Id="173" DisplayOrder="1">
								<CandidateName>Dianne Feinstein</CandidateName>
							</CandidateIdentifier>
							<Affiliation>
								<AffiliationIdentifier Id="Party">
									<RegisteredName />
								</AffiliationIdentifier>
								<Type>Democratic</Type>
							</Affiliation>
						</Candidate>
								<AffiliationIdentifier Id="Incumbent">
									<RegisteredName />
								</AffiliationIdentifier>
						<ValidVotes>98251</ValidVotes>
						<CountMetric Id="PVP" Type="Percent Votes in Party">100.0</CountMetric>
						<CountMetric Id="PVR" Type="Percent Votes in Race">66.0</CountMetric>
					</Selection>
					<Selection>
						<Candidate>
							<CandidateIdentifier Id="396" DisplayOrder="2">
								<CandidateName>Elizabeth Emken</CandidateName>
							</CandidateIdentifier>
							<Affiliation>
								<AffiliationIdentifier Id="Party">
									<RegisteredName />
								</AffiliationIdentifier>
								<Type>Republican</Type>
							</Affiliation>
						</Candidate>
						<ValidVotes>50634</ValidVotes>
						<CountMetric Id="PVP" Type="Percent Votes in Party">100.0</CountMetric>
						<CountMetric Id="PVR" Type="Percent Votes in Race">34.0</CountMetric>
					</Selection>
				</ReportingUnitVotes>
				<ReportingUnitVotes>
					<ReportingUnitIdentifier Id="49">Sonoma</ReportingUnitIdentifier>
					<CountMetric Id="PR" Type="Precincts Reporting">433</CountMetric>
					<CountMetric Id="TP" Type="Total Precincts">433</CountMetric>
					<CountMetric Id="RT" Type="ReportType">0</CountMetric>
					<Selection>
						<Candidate>
							<CandidateIdentifier Id="173" DisplayOrder="1">
								<CandidateName>Dianne Feinstein</CandidateName>
							</CandidateIdentifier>
							<Affiliation>
								<AffiliationIdentifier Id="Party">
									<RegisteredName />
								</AffiliationIdentifier>
								<Type>Democratic</Type>
							</Affiliation>
						</Candidate>
								<AffiliationIdentifier Id="Incumbent">
									<RegisteredName />
								</AffiliationIdentifier>
						<ValidVotes>154892</ValidVotes>
						<CountMetric Id="PVP" Type="Percent Votes in Party">100.0</CountMetric>
						<CountMetric Id="PVR" Type="Percent Votes in Race">73.7</CountMetric>
					</Selection>
					<Selection>
						<Candidate>
							<CandidateIdentifier Id="396" DisplayOrder="2">
								<CandidateName>Elizabeth Emken</CandidateName>
							</CandidateIdentifier>
							<Affiliation>
								<AffiliationIdentifier Id="Party">
									<RegisteredName />
								</AffiliationIdentifier>
								<Type>Republican</Type>
							</Affiliation>
						</Candidate>
						<ValidVotes>55256</ValidVotes>
						<CountMetric Id="PVP" Type="Percent Votes in Party">100.0</CountMetric>
						<CountMetric Id="PVR" Type="Percent Votes in Race">26.3</CountMetric>
					</Selection>
				</ReportingUnitVotes>
				<ReportingUnitVotes>
					<ReportingUnitIdentifier Id="50">Stanislaus</ReportingUnitIdentifier>
					<CountMetric Id="PR" Type="Precincts Reporting">388</CountMetric>
					<CountMetric Id="TP" Type="Total Precincts">388</CountMetric>
					<CountMetric Id="RT" Type="ReportType">0</CountMetric>
					<Selection>
						<Candidate>
							<CandidateIdentifier Id="173" DisplayOrder="1">
								<CandidateName>Dianne Feinstein</CandidateName>
							</CandidateIdentifier>
							<Affiliation>
								<AffiliationIdentifier Id="Party">
									<RegisteredName />
								</AffiliationIdentifier>
								<Type>Democratic</Type>
							</Affiliation>
						</Candidate>
								<AffiliationIdentifier Id="Incumbent">
									<RegisteredName />
								</AffiliationIdentifier>
						<ValidVotes>78470</ValidVotes>
						<CountMetric Id="PVP" Type="Percent Votes in Party">100.0</CountMetric>
						<CountMetric Id="PVR" Type="Percent Votes in Race">51.8</CountMetric>
					</Selection>
					<Selection>
						<Candidate>
							<CandidateIdentifier Id="396" DisplayOrder="2">
								<CandidateName>Elizabeth Emken</CandidateName>
							</CandidateIdentifier>
							<Affiliation>
								<AffiliationIdentifier Id="Party">
									<RegisteredName />
								</AffiliationIdentifier>
								<Type>Republican</Type>
							</Affiliation>
						</Candidate>
						<ValidVotes>73060</ValidVotes>
						<CountMetric Id="PVP" Type="Percent Votes in Party">100.0</CountMetric>
						<CountMetric Id="PVR" Type="Percent Votes in Race">48.2</CountMetric>
					</Selection>
				</ReportingUnitVotes>
				<ReportingUnitVotes>
					<ReportingUnitIdentifier Id="51">Sutter</ReportingUnitIdentifier>
					<CountMetric Id="PR" Type="Precincts Reporting">57</CountMetric>
					<CountMetric Id="TP" Type="Total Precincts">57</CountMetric>
					<CountMetric Id="RT" Type="ReportType">0</CountMetric>
					<Selection>
						<Candidate>
							<CandidateIdentifier Id="173" DisplayOrder="1">
								<CandidateName>Dianne Feinstein</CandidateName>
							</CandidateIdentifier>
							<Affiliation>
								<AffiliationIdentifier Id="Party">
									<RegisteredName />
								</AffiliationIdentifier>
								<Type>Democratic</Type>
							</Affiliation>
						</Candidate>
								<AffiliationIdentifier Id="Incumbent">
									<RegisteredName />
								</AffiliationIdentifier>
						<ValidVotes>12395</ValidVotes>
						<CountMetric Id="PVP" Type="Percent Votes in Party">100.0</CountMetric>
						<CountMetric Id="PVR" Type="Percent Votes in Race">41.2</CountMetric>
					</Selection>
					<Selection>
						<Candidate>
							<CandidateIdentifier Id="396" DisplayOrder="2">
								<CandidateName>Elizabeth Emken</CandidateName>
							</CandidateIdentifier>
							<Affiliation>
								<AffiliationIdentifier Id="Party">
									<RegisteredName />
								</AffiliationIdentifier>
								<Type>Republican</Type>
							</Affiliation>
						</Candidate>
						<ValidVotes>17715</ValidVotes>
						<CountMetric Id="PVP" Type="Percent Votes in Party">100.0</CountMetric>
						<CountMetric Id="PVR" Type="Percent Votes in Race">58.8</CountMetric>
					</Selection>
				</ReportingUnitVotes>
				<ReportingUnitVotes>
					<ReportingUnitIdentifier Id="52">Tehama</ReportingUnitIdentifier>
					<CountMetric Id="PR" Type="Precincts Reporting">46</CountMetric>
					<CountMetric Id="TP" Type="Total Precincts">46</CountMetric>
					<CountMetric Id="RT" Type="ReportType">0</CountMetric>
					<Selection>
						<Candidate>
							<CandidateIdentifier Id="173" DisplayOrder="1">
								<CandidateName>Dianne Feinstein</CandidateName>
							</CandidateIdentifier>
							<Affiliation>
								<AffiliationIdentifier Id="Party">
									<RegisteredName />
								</AffiliationIdentifier>
								<Type>Democratic</Type>
							</Affiliation>
						</Candidate>
								<AffiliationIdentifier Id="Incumbent">
									<RegisteredName />
								</AffiliationIdentifier>
						<ValidVotes>8349</ValidVotes>
						<CountMetric Id="PVP" Type="Percent Votes in Party">100.0</CountMetric>
						<CountMetric Id="PVR" Type="Percent Votes in Race">37.0</CountMetric>
					</Selection>
					<Selection>
						<Candidate>
							<CandidateIdentifier Id="396" DisplayOrder="2">
								<CandidateName>Elizabeth Emken</CandidateName>
							</CandidateIdentifier>
							<Affiliation>
								<AffiliationIdentifier Id="Party">
									<RegisteredName />
								</AffiliationIdentifier>
								<Type>Republican</Type>
							</Affiliation>
						</Candidate>
						<ValidVotes>14241</ValidVotes>
						<CountMetric Id="PVP" Type="Percent Votes in Party">100.0</CountMetric>
						<CountMetric Id="PVR" Type="Percent Votes in Race">63.0</CountMetric>
					</Selection>
				</ReportingUnitVotes>
				<ReportingUnitVotes>
					<ReportingUnitIdentifier Id="53">Trinity</ReportingUnitIdentifier>
					<CountMetric Id="PR" Type="Precincts Reporting">25</CountMetric>
					<CountMetric Id="TP" Type="Total Precincts">25</CountMetric>
					<CountMetric Id="RT" Type="ReportType">0</CountMetric>
					<Selection>
						<Candidate>
							<CandidateIdentifier Id="173" DisplayOrder="1">
								<CandidateName>Dianne Feinstein</CandidateName>
							</CandidateIdentifier>
							<Affiliation>
								<AffiliationIdentifier Id="Party">
									<RegisteredName />
								</AffiliationIdentifier>
								<Type>Democratic</Type>
							</Affiliation>
						</Candidate>
								<AffiliationIdentifier Id="Incumbent">
									<RegisteredName />
								</AffiliationIdentifier>
						<ValidVotes>2658</ValidVotes>
						<CountMetric Id="PVP" Type="Percent Votes in Party">100.0</CountMetric>
						<CountMetric Id="PVR" Type="Percent Votes in Race">47.5</CountMetric>
					</Selection>
					<Selection>
						<Candidate>
							<CandidateIdentifier Id="396" DisplayOrder="2">
								<CandidateName>Elizabeth Emken</CandidateName>
							</CandidateIdentifier>
							<Affiliation>
								<AffiliationIdentifier Id="Party">
									<RegisteredName />
								</AffiliationIdentifier>
								<Type>Republican</Type>
							</Affiliation>
						</Candidate>
						<ValidVotes>2943</ValidVotes>
						<CountMetric Id="PVP" Type="Percent Votes in Party">100.0</CountMetric>
						<CountMetric Id="PVR" Type="Percent Votes in Race">52.5</CountMetric>
					</Selection>
				</ReportingUnitVotes>
				<ReportingUnitVotes>
					<ReportingUnitIdentifier Id="54">Tulare</ReportingUnitIdentifier>
					<CountMetric Id="PR" Type="Precincts Reporting">263</CountMetric>
					<CountMetric Id="TP" Type="Total Precincts">263</CountMetric>
					<CountMetric Id="RT" Type="ReportType">0</CountMetric>
					<Selection>
						<Candidate>
							<CandidateIdentifier Id="173" DisplayOrder="1">
								<CandidateName>Dianne Feinstein</CandidateName>
							</CandidateIdentifier>
							<Affiliation>
								<AffiliationIdentifier Id="Party">
									<RegisteredName />
								</AffiliationIdentifier>
								<Type>Democratic</Type>
							</Affiliation>
						</Candidate>
								<AffiliationIdentifier Id="Incumbent">
									<RegisteredName />
								</AffiliationIdentifier>
						<ValidVotes>42395</ValidVotes>
						<CountMetric Id="PVP" Type="Percent Votes in Party">100.0</CountMetric>
						<CountMetric Id="PVR" Type="Percent Votes in Race">42.9</CountMetric>
					</Selection>
					<Selection>
						<Candidate>
							<CandidateIdentifier Id="396" DisplayOrder="2">
								<CandidateName>Elizabeth Emken</CandidateName>
							</CandidateIdentifier>
							<Affiliation>
								<AffiliationIdentifier Id="Party">
									<RegisteredName />
								</AffiliationIdentifier>
								<Type>Republican</Type>
							</Affiliation>
						</Candidate>
						<ValidVotes>56499</ValidVotes>
						<CountMetric Id="PVP" Type="Percent Votes in Party">100.0</CountMetric>
						<CountMetric Id="PVR" Type="Percent Votes in Race">57.1</CountMetric>
					</Selection>
				</ReportingUnitVotes>
				<ReportingUnitVotes>
					<ReportingUnitIdentifier Id="55">Tuolumne</ReportingUnitIdentifier>
					<CountMetric Id="PR" Type="Precincts Reporting">73</CountMetric>
					<CountMetric Id="TP" Type="Total Precincts">73</CountMetric>
					<CountMetric Id="RT" Type="ReportType">0</CountMetric>
					<Selection>
						<Candidate>
							<CandidateIdentifier Id="173" DisplayOrder="1">
								<CandidateName>Dianne Feinstein</CandidateName>
							</CandidateIdentifier>
							<Affiliation>
								<AffiliationIdentifier Id="Party">
									<RegisteredName />
								</AffiliationIdentifier>
								<Type>Democratic</Type>
							</Affiliation>
						</Candidate>
								<AffiliationIdentifier Id="Incumbent">
									<RegisteredName />
								</AffiliationIdentifier>
						<ValidVotes>10336</ValidVotes>
						<CountMetric Id="PVP" Type="Percent Votes in Party">100.0</CountMetric>
						<CountMetric Id="PVR" Type="Percent Votes in Race">42.8</CountMetric>
					</Selection>
					<Selection>
						<Candidate>
							<CandidateIdentifier Id="396" DisplayOrder="2">
								<CandidateName>Elizabeth Emken</CandidateName>
							</CandidateIdentifier>
							<Affiliation>
								<AffiliationIdentifier Id="Party">
									<RegisteredName />
								</AffiliationIdentifier>
								<Type>Republican</Type>
							</Affiliation>
						</Candidate>
						<ValidVotes>13823</ValidVotes>
						<CountMetric Id="PVP" Type="Percent Votes in Party">100.0</CountMetric>
						<CountMetric Id="PVR" Type="Percent Votes in Race">57.2</CountMetric>
					</Selection>
				</ReportingUnitVotes>
				<ReportingUnitVotes>
					<ReportingUnitIdentifier Id="56">Ventura</ReportingUnitIdentifier>
					<CountMetric Id="PR" Type="Precincts Reporting">630</CountMetric>
					<CountMetric Id="TP" Type="Total Precincts">630</CountMetric>
					<CountMetric Id="RT" Type="ReportType">0</CountMetric>
					<Selection>
						<Candidate>
							<CandidateIdentifier Id="173" DisplayOrder="1">
								<CandidateName>Dianne Feinstein</CandidateName>
							</CandidateIdentifier>
							<Affiliation>
								<AffiliationIdentifier Id="Party">
									<RegisteredName />
								</AffiliationIdentifier>
								<Type>Democratic</Type>
							</Affiliation>
						</Candidate>
								<AffiliationIdentifier Id="Incumbent">
									<RegisteredName />
								</AffiliationIdentifier>
						<ValidVotes>171483</ValidVotes>
						<CountMetric Id="PVP" Type="Percent Votes in Party">100.0</CountMetric>
						<CountMetric Id="PVR" Type="Percent Votes in Race">54.4</CountMetric>
					</Selection>
					<Selection>
						<Candidate>
							<CandidateIdentifier Id="396" DisplayOrder="2">
								<CandidateName>Elizabeth Emken</CandidateName>
							</CandidateIdentifier>
							<Affiliation>
								<AffiliationIdentifier Id="Party">
									<RegisteredName />
								</AffiliationIdentifier>
								<Type>Republican</Type>
							</Affiliation>
						</Candidate>
						<ValidVotes>143603</ValidVotes>
						<CountMetric Id="PVP" Type="Percent Votes in Party">100.0</CountMetric>
						<CountMetric Id="PVR" Type="Percent Votes in Race">45.6</CountMetric>
					</Selection>
				</ReportingUnitVotes>
				<ReportingUnitVotes>
					<ReportingUnitIdentifier Id="57">Yolo</ReportingUnitIdentifier>
					<CountMetric Id="PR" Type="Precincts Reporting">117</CountMetric>
					<CountMetric Id="TP" Type="Total Precincts">117</CountMetric>
					<CountMetric Id="RT" Type="ReportType">0</CountMetric>
					<Selection>
						<Candidate>
							<CandidateIdentifier Id="173" DisplayOrder="1">
								<CandidateName>Dianne Feinstein</CandidateName>
							</CandidateIdentifier>
							<Affiliation>
								<AffiliationIdentifier Id="Party">
									<RegisteredName />
								</AffiliationIdentifier>
								<Type>Democratic</Type>
							</Affiliation>
						</Candidate>
								<AffiliationIdentifier Id="Incumbent">
									<RegisteredName />
								</AffiliationIdentifier>
						<ValidVotes>49148</ValidVotes>
						<CountMetric Id="PVP" Type="Percent Votes in Party">100.0</CountMetric>
						<CountMetric Id="PVR" Type="Percent Votes in Race">67.7</CountMetric>
					</Selection>
					<Selection>
						<Candidate>
							<CandidateIdentifier Id="396" DisplayOrder="2">
								<CandidateName>Elizabeth Emken</CandidateName>
							</CandidateIdentifier>
							<Affiliation>
								<AffiliationIdentifier Id="Party">
									<RegisteredName />
								</AffiliationIdentifier>
								<Type>Republican</Type>
							</Affiliation>
						</Candidate>
						<ValidVotes>23468</ValidVotes>
						<CountMetric Id="PVP" Type="Percent Votes in Party">100.0</CountMetric>
						<CountMetric Id="PVR" Type="Percent Votes in Race">32.3</CountMetric>
					</Selection>
				</ReportingUnitVotes>
				<ReportingUnitVotes>
					<ReportingUnitIdentifier Id="58">Yuba</ReportingUnitIdentifier>
					<CountMetric Id="PR" Type="Precincts Reporting">46</CountMetric>
					<CountMetric Id="TP" Type="Total Precincts">46</CountMetric>
					<CountMetric Id="RT" Type="ReportType">0</CountMetric>
					<Selection>
						<Candidate>
							<CandidateIdentifier Id="173" DisplayOrder="1">
								<CandidateName>Dianne Feinstein</CandidateName>
							</CandidateIdentifier>
							<Affiliation>
								<AffiliationIdentifier Id="Party">
									<RegisteredName />
								</AffiliationIdentifier>
								<Type>Democratic</Type>
							</Affiliation>
						</Candidate>
								<AffiliationIdentifier Id="Incumbent">
									<RegisteredName />
								</AffiliationIdentifier>
						<ValidVotes>7896</ValidVotes>
						<CountMetric Id="PVP" Type="Percent Votes in Party">100.0</CountMetric>
						<CountMetric Id="PVR" Type="Percent Votes in Race">41.0</CountMetric>
					</Selection>
					<Selection>
						<Candidate>
							<CandidateIdentifier Id="396" DisplayOrder="2">
								<CandidateName>Elizabeth Emken</CandidateName>
							</CandidateIdentifier>
							<Affiliation>
								<AffiliationIdentifier Id="Party">
									<RegisteredName />
								</AffiliationIdentifier>
								<Type>Republican</Type>
							</Affiliation>
						</Candidate>
						<ValidVotes>11376</ValidVotes>
						<CountMetric Id="PVP" Type="Percent Votes in Party">100.0</CountMetric>
						<CountMetric Id="PVR" Type="Percent Votes in Race">59.0</CountMetric>
					</Selection>
				</ReportingUnitVotes>
			</Contest>
			</Contests>
		</Election>
	</Count>
</EML>
