<EML Id="530" SchemaVersion="5.0">
	<TransactionId>8839</TransactionId>
	<MessageLanguage>en-US</MessageLanguage>
	<IssueDate>2012-12-19T16:35:58-08:00</IssueDate>
	<Count>
		<EventIdentifier Id="California_2012_Statewide_Presidential_General_Election"/>
		<Election>
			<ElectionIdentifier Id="20121106"/>
			<Contests>
				<ContestIdentifier Id="001">
					<ContestName>County Statistics</ContestName>
				</ContestIdentifier>
				<TotalVotes>
					<CountMetric Id="RT" Type="Report Type">2</CountMetric>
					<CountMetric Id="PR" Type="Precincts Reporting">24491</CountMetric>
					<CountMetric Id="TP" Type="Total Precincts">24491</CountMetric>
					<CountMetric Id="PP" Type="Precincts Reporting Percentage">100.0</CountMetric>
					<CountMetric Id="VT" Type="Voter Turnout">13202158</CountMetric>
					<CountMetric Id="TV" Type="Total Registered Voters">18245970</CountMetric>
					<CountMetric Id="VP" Type="Voter Turnout Percentage">72.4</CountMetric>
					<CountMetric Id="FD" Type="First Report Date">20121106</CountMetric>
					<CountMetric Id="FT" Type="First Report Time">8:00 PM</CountMetric>
					<CountMetric Id="LD" Type="Last Report Date">20121218</CountMetric>
					<CountMetric Id="LT" Type="Last Report Time">06:26 AM</CountMetric>
				</TotalVotes>
				<ReportingUnitVotes>
					<ReportingUnitIdentifier Id="01">Alameda</ReportingUnitIdentifier>
					<CountMetric Id="RT" Type="Report Type">0</CountMetric>
					<CountMetric Id="PR" Type="Precincts Reporting">1100</CountMetric>
					<CountMetric Id="TP" Type="Total Precincts">1100</CountMetric>
					<CountMetric Id="PP" Type="Precincts Reporting Percentage">100.0</CountMetric>
					<CountMetric Id="VT" Type="Voter Turnout">602479</CountMetric>
					<CountMetric Id="TV" Type="Total Registered Voters">810836</CountMetric>
					<CountMetric Id="VP" Type="Voter Turnout Percentage">74.3</CountMetric>
					<CountMetric Id="FD" Type="First Report Date">20121106</CountMetric>
					<CountMetric Id="FT" Type="First Report Time">8:41 PM</CountMetric>
					<CountMetric Id="LD" Type="Last Report Date">20121204</CountMetric>
					<CountMetric Id="LT" Type="Last Report Time">2:11 PM</CountMetric>
				</ReportingUnitVotes>
				<ReportingUnitVotes>
					<ReportingUnitIdentifier Id="02">Alpine</ReportingUnitIdentifier>
					<CountMetric Id="RT" Type="Report Type">0</CountMetric>
					<CountMetric Id="PR" Type="Precincts Reporting">5</CountMetric>
					<CountMetric Id="TP" Type="Total Precincts">5</CountMetric>
					<CountMetric Id="PP" Type="Precincts Reporting Percentage">100.0</CountMetric>
					<CountMetric Id="VT" Type="Voter Turnout">656</CountMetric>
					<CountMetric Id="TV" Type="Total Registered Voters">773</CountMetric>
					<CountMetric Id="VP" Type="Voter Turnout Percentage">84.9</CountMetric>
					<CountMetric Id="FD" Type="First Report Date">20121106</CountMetric>
					<CountMetric Id="FT" Type="First Report Time">9:07 PM</CountMetric>
					<CountMetric Id="LD" Type="Last Report Date">20121204</CountMetric>
					<CountMetric Id="LT" Type="Last Report Time">2:07 PM</CountMetric>
				</ReportingUnitVotes>
				<ReportingUnitVotes>
					<ReportingUnitIdentifier Id="03">Amador</ReportingUnitIdentifier>
					<CountMetric Id="RT" Type="Report Type">0</CountMetric>
					<CountMetric Id="PR" Type="Precincts Reporting">59</CountMetric>
					<CountMetric Id="TP" Type="Total Precincts">59</CountMetric>
					<CountMetric Id="PP" Type="Precincts Reporting Percentage">100.0</CountMetric>
					<CountMetric Id="VT" Type="Voter Turnout">17886</CountMetric>
					<CountMetric Id="TV" Type="Total Registered Voters">21503</CountMetric>
					<CountMetric Id="VP" Type="Voter Turnout Percentage">83.2</CountMetric>
					<CountMetric Id="FD" Type="First Report Date">20121106</CountMetric>
					<CountMetric Id="FT" Type="First Report Time">8:17 PM</CountMetric>
					<CountMetric Id="LD" Type="Last Report Date">20121205</CountMetric>
					<CountMetric Id="LT" Type="Last Report Time">4:53 PM</CountMetric>
				</ReportingUnitVotes>
				<ReportingUnitVotes>
					<ReportingUnitIdentifier Id="04">Butte</ReportingUnitIdentifier>
					<CountMetric Id="RT" Type="Report Type">0</CountMetric>
					<CountMetric Id="PR" Type="Precincts Reporting">155</CountMetric>
					<CountMetric Id="TP" Type="Total Precincts">155</CountMetric>
					<CountMetric Id="PP" Type="Precincts Reporting Percentage">100.0</CountMetric>
					<CountMetric Id="VT" Type="Voter Turnout">91722</CountMetric>
					<CountMetric Id="TV" Type="Total Registered Voters">122554</CountMetric>
					<CountMetric Id="VP" Type="Voter Turnout Percentage">74.8</CountMetric>
					<CountMetric Id="FD" Type="First Report Date">20121106</CountMetric>
					<CountMetric Id="FT" Type="First Report Time">8:52 PM</CountMetric>
					<CountMetric Id="LD" Type="Last Report Date">20121206</CountMetric>
					<CountMetric Id="LT" Type="Last Report Time">10:23 AM</CountMetric>
				</ReportingUnitVotes>
				<ReportingUnitVotes>
					<ReportingUnitIdentifier Id="05">Calaveras</ReportingUnitIdentifier>
					<CountMetric Id="RT" Type="Report Type">0</CountMetric>
					<CountMetric Id="PR" Type="Precincts Reporting">36</CountMetric>
					<CountMetric Id="TP" Type="Total Precincts">36</CountMetric>
					<CountMetric Id="PP" Type="Precincts Reporting Percentage">100.0</CountMetric>
					<CountMetric Id="VT" Type="Voter Turnout">22077</CountMetric>
					<CountMetric Id="TV" Type="Total Registered Voters">29014</CountMetric>
					<CountMetric Id="VP" Type="Voter Turnout Percentage">76.1</CountMetric>
					<CountMetric Id="FD" Type="First Report Date">20121106</CountMetric>
					<CountMetric Id="FT" Type="First Report Time">8:55 PM</CountMetric>
					<CountMetric Id="LD" Type="Last Report Date">20121204</CountMetric>
					<CountMetric Id="LT" Type="Last Report Time">4:47 PM</CountMetric>
				</ReportingUnitVotes>
				<ReportingUnitVotes>
					<ReportingUnitIdentifier Id="06">Colusa</ReportingUnitIdentifier>
					<CountMetric Id="RT" Type="Report Type">0</CountMetric>
					<CountMetric Id="PR" Type="Precincts Reporting">18</CountMetric>
					<CountMetric Id="TP" Type="Total Precincts">18</CountMetric>
					<CountMetric Id="PP" Type="Precincts Reporting Percentage">100.0</CountMetric>
					<CountMetric Id="VT" Type="Voter Turnout">6092</CountMetric>
					<CountMetric Id="TV" Type="Total Registered Voters">7765</CountMetric>
					<CountMetric Id="VP" Type="Voter Turnout Percentage">78.5</CountMetric>
					<CountMetric Id="FD" Type="First Report Date">20121106</CountMetric>
					<CountMetric Id="FT" Type="First Report Time">8:27 PM</CountMetric>
					<CountMetric Id="LD" Type="Last Report Date">20121205</CountMetric>
					<CountMetric Id="LT" Type="Last Report Time">09:37 AM</CountMetric>
				</ReportingUnitVotes>
				<ReportingUnitVotes>
					<ReportingUnitIdentifier Id="07">Contra Costa</ReportingUnitIdentifier>
					<CountMetric Id="RT" Type="Report Type">0</CountMetric>
					<CountMetric Id="PR" Type="Precincts Reporting">834</CountMetric>
					<CountMetric Id="TP" Type="Total Precincts">834</CountMetric>
					<CountMetric Id="PP" Type="Precincts Reporting Percentage">100.0</CountMetric>
					<CountMetric Id="VT" Type="Voter Turnout">442143</CountMetric>
					<CountMetric Id="TV" Type="Total Registered Voters">556351</CountMetric>
					<CountMetric Id="VP" Type="Voter Turnout Percentage">79.5</CountMetric>
					<CountMetric Id="FD" Type="First Report Date">20121106</CountMetric>
					<CountMetric Id="FT" Type="First Report Time">8:11 PM</CountMetric>
					<CountMetric Id="LD" Type="Last Report Date">20121210</CountMetric>
					<CountMetric Id="LT" Type="Last Report Time">1:12 PM</CountMetric>
				</ReportingUnitVotes>
				<ReportingUnitVotes>
					<ReportingUnitIdentifier Id="08">Del Norte</ReportingUnitIdentifier>
					<CountMetric Id="RT" Type="Report Type">0</CountMetric>
					<CountMetric Id="PR" Type="Precincts Reporting">18</CountMetric>
					<CountMetric Id="TP" Type="Total Precincts">18</CountMetric>
					<CountMetric Id="PP" Type="Precincts Reporting Percentage">100.0</CountMetric>
					<CountMetric Id="VT" Type="Voter Turnout">8879</CountMetric>
					<CountMetric Id="TV" Type="Total Registered Voters">12516</CountMetric>
					<CountMetric Id="VP" Type="Voter Turnout Percentage">70.9</CountMetric>
					<CountMetric Id="FD" Type="First Report Date">20121106</CountMetric>
					<CountMetric Id="FT" Type="First Report Time">8:51 PM</CountMetric>
					<CountMetric Id="LD" Type="Last Report Date">20121204</CountMetric>
					<CountMetric Id="LT" Type="Last Report Time">2:09 PM</CountMetric>
				</ReportingUnitVotes>
				<ReportingUnitVotes>
					<ReportingUnitIdentifier Id="09">El Dorado</ReportingUnitIdentifier>
					<CountMetric Id="RT" Type="Report Type">0</CountMetric>
					<CountMetric Id="PR" Type="Precincts Reporting">158</CountMetric>
					<CountMetric Id="TP" Type="Total Precincts">158</CountMetric>
					<CountMetric Id="PP" Type="Precincts Reporting Percentage">100.0</CountMetric>
					<CountMetric Id="VT" Type="Voter Turnout">89601</CountMetric>
					<CountMetric Id="TV" Type="Total Registered Voters">110634</CountMetric>
					<CountMetric Id="VP" Type="Voter Turnout Percentage">81.0</CountMetric>
					<CountMetric Id="FD" Type="First Report Date">20121106</CountMetric>
					<CountMetric Id="FT" Type="First Report Time">8:29 PM</CountMetric>
					<CountMetric Id="LD" Type="Last Report Date">20121204</CountMetric>
					<CountMetric Id="LT" Type="Last Report Time">2:11 PM</CountMetric>
				</ReportingUnitVotes>
				<ReportingUnitVotes>
					<ReportingUnitIdentifier Id="10">Fresno</ReportingUnitIdentifier>
					<CountMetric Id="RT" Type="Report Type">0</CountMetric>
					<CountMetric Id="PR" Type="Precincts Reporting">611</CountMetric>
					<CountMetric Id="TP" Type="Total Precincts">611</CountMetric>
					<CountMetric Id="PP" Type="Precincts Reporting Percentage">100.0</CountMetric>
					<CountMetric Id="VT" Type="Voter Turnout">261652</CountMetric>
					<CountMetric Id="TV" Type="Total Registered Voters">410188</CountMetric>
					<CountMetric Id="VP" Type="Voter Turnout Percentage">63.8</CountMetric>
					<CountMetric Id="FD" Type="First Report Date">20121106</CountMetric>
					<CountMetric Id="FT" Type="First Report Time">8:14 PM</CountMetric>
					<CountMetric Id="LD" Type="Last Report Date">20121206</CountMetric>
					<CountMetric Id="LT" Type="Last Report Time">3:50 PM</CountMetric>
				</ReportingUnitVotes>
				<ReportingUnitVotes>
					<ReportingUnitIdentifier Id="11">Glenn</ReportingUnitIdentifier>
					<CountMetric Id="RT" Type="Report Type">0</CountMetric>
					<CountMetric Id="PR" Type="Precincts Reporting">34</CountMetric>
					<CountMetric Id="TP" Type="Total Precincts">34</CountMetric>
					<CountMetric Id="PP" Type="Precincts Reporting Percentage">100.0</CountMetric>
					<CountMetric Id="VT" Type="Voter Turnout">9334</CountMetric>
					<CountMetric Id="TV" Type="Total Registered Voters">12542</CountMetric>
					<CountMetric Id="VP" Type="Voter Turnout Percentage">74.4</CountMetric>
					<CountMetric Id="FD" Type="First Report Date">20121106</CountMetric>
					<CountMetric Id="FT" Type="First Report Time">9:02 PM</CountMetric>
					<CountMetric Id="LD" Type="Last Report Date">20121204</CountMetric>
					<CountMetric Id="LT" Type="Last Report Time">2:13 PM</CountMetric>
				</ReportingUnitVotes>
				<ReportingUnitVotes>
					<ReportingUnitIdentifier Id="12">Humboldt</ReportingUnitIdentifier>
					<CountMetric Id="RT" Type="Report Type">0</CountMetric>
					<CountMetric Id="PR" Type="Precincts Reporting">129</CountMetric>
					<CountMetric Id="TP" Type="Total Precincts">129</CountMetric>
					<CountMetric Id="PP" Type="Precincts Reporting Percentage">100.0</CountMetric>
					<CountMetric Id="VT" Type="Voter Turnout">58092</CountMetric>
					<CountMetric Id="TV" Type="Total Registered Voters">80038</CountMetric>
					<CountMetric Id="VP" Type="Voter Turnout Percentage">72.6</CountMetric>
					<CountMetric Id="FD" Type="First Report Date">20121106</CountMetric>
					<CountMetric Id="FT" Type="First Report Time">9:10 PM</CountMetric>
					<CountMetric Id="LD" Type="Last Report Date">20121204</CountMetric>
					<CountMetric Id="LT" Type="Last Report Time">1:32 PM</CountMetric>
				</ReportingUnitVotes>
				<ReportingUnitVotes>
					<ReportingUnitIdentifier Id="13">Imperial</ReportingUnitIdentifier>
					<CountMetric Id="RT" Type="Report Type">0</CountMetric>
					<CountMetric Id="PR" Type="Precincts Reporting">159</CountMetric>
					<CountMetric Id="TP" Type="Total Precincts">159</CountMetric>
					<CountMetric Id="PP" Type="Precincts Reporting Percentage">100.0</CountMetric>
					<CountMetric Id="VT" Type="Voter Turnout">39535</CountMetric>
					<CountMetric Id="TV" Type="Total Registered Voters">61086</CountMetric>
					<CountMetric Id="VP" Type="Voter Turnout Percentage">64.7</CountMetric>
					<CountMetric Id="FD" Type="First Report Date">20121106</CountMetric>
					<CountMetric Id="FT" Type="First Report Time">10:02 PM</CountMetric>
					<CountMetric Id="LD" Type="Last Report Date">20121207</CountMetric>
					<CountMetric Id="LT" Type="Last Report Time">6:01 PM</CountMetric>
				</ReportingUnitVotes>
				<ReportingUnitVotes>
					<ReportingUnitIdentifier Id="14">Inyo</ReportingUnitIdentifier>
					<CountMetric Id="RT" Type="Report Type">0</CountMetric>
					<CountMetric Id="PR" Type="Precincts Reporting">24</CountMetric>
					<CountMetric Id="TP" Type="Total Precincts">24</CountMetric>
					<CountMetric Id="PP" Type="Precincts Reporting Percentage">100.0</CountMetric>
					<CountMetric Id="VT" Type="Voter Turnout">8146</CountMetric>
					<CountMetric Id="TV" Type="Total Registered Voters">9956</CountMetric>
					<CountMetric Id="VP" Type="Voter Turnout Percentage">81.8</CountMetric>
					<CountMetric Id="FD" Type="First Report Date">20121106</CountMetric>
					<CountMetric Id="FT" Type="First Report Time">8:20 PM</CountMetric>
					<CountMetric Id="LD" Type="Last Report Date">20121204</CountMetric>
					<CountMetric Id="LT" Type="Last Report Time">2:18 PM</CountMetric>
				</ReportingUnitVotes>
				<ReportingUnitVotes>
					<ReportingUnitIdentifier Id="15">Kern</ReportingUnitIdentifier>
					<CountMetric Id="RT" Type="Report Type">0</CountMetric>
					<CountMetric Id="PR" Type="Precincts Reporting">583</CountMetric>
					<CountMetric Id="TP" Type="Total Precincts">583</CountMetric>
					<CountMetric Id="PP" Type="Precincts Reporting Percentage">100.0</CountMetric>
					<CountMetric Id="VT" Type="Voter Turnout">223998</CountMetric>
					<CountMetric Id="TV" Type="Total Registered Voters">332864</CountMetric>
					<CountMetric Id="VP" Type="Voter Turnout Percentage">67.3</CountMetric>
					<CountMetric Id="FD" Type="First Report Date">20121106</CountMetric>
					<CountMetric Id="FT" Type="First Report Time">8:39 PM</CountMetric>
					<CountMetric Id="LD" Type="Last Report Date">20121206</CountMetric>
					<CountMetric Id="LT" Type="Last Report Time">10:49 AM</CountMetric>
				</ReportingUnitVotes>
				<ReportingUnitVotes>
					<ReportingUnitIdentifier Id="16">Kings</ReportingUnitIdentifier>
					<CountMetric Id="RT" Type="Report Type">0</CountMetric>
					<CountMetric Id="PR" Type="Precincts Reporting">182</CountMetric>
					<CountMetric Id="TP" Type="Total Precincts">182</CountMetric>
					<CountMetric Id="PP" Type="Precincts Reporting Percentage">100.0</CountMetric>
					<CountMetric Id="VT" Type="Voter Turnout">32041</CountMetric>
					<CountMetric Id="TV" Type="Total Registered Voters">47655</CountMetric>
					<CountMetric Id="VP" Type="Voter Turnout Percentage">67.2</CountMetric>
					<CountMetric Id="FD" Type="First Report Date">20121106</CountMetric>
					<CountMetric Id="FT" Type="First Report Time">11:09 PM</CountMetric>
					<CountMetric Id="LD" Type="Last Report Date">20121206</CountMetric>
					<CountMetric Id="LT" Type="Last Report Time">5:08 PM</CountMetric>
				</ReportingUnitVotes>
				<ReportingUnitVotes>
					<ReportingUnitIdentifier Id="17">Lake</ReportingUnitIdentifier>
					<CountMetric Id="RT" Type="Report Type">0</CountMetric>
					<CountMetric Id="PR" Type="Precincts Reporting">70</CountMetric>
					<CountMetric Id="TP" Type="Total Precincts">70</CountMetric>
					<CountMetric Id="PP" Type="Precincts Reporting Percentage">100.0</CountMetric>
					<CountMetric Id="VT" Type="Voter Turnout">23685</CountMetric>
					<CountMetric Id="TV" Type="Total Registered Voters">34936</CountMetric>
					<CountMetric Id="VP" Type="Voter Turnout Percentage">67.8</CountMetric>
					<CountMetric Id="FD" Type="First Report Date">20121106</CountMetric>
					<CountMetric Id="FT" Type="First Report Time">9:17 PM</CountMetric>
					<CountMetric Id="LD" Type="Last Report Date">20121207</CountMetric>
					<CountMetric Id="LT" Type="Last Report Time">3:11 PM</CountMetric>
				</ReportingUnitVotes>
				<ReportingUnitVotes>
					<ReportingUnitIdentifier Id="18">Lassen</ReportingUnitIdentifier>
					<CountMetric Id="RT" Type="Report Type">0</CountMetric>
					<CountMetric Id="PR" Type="Precincts Reporting">55</CountMetric>
					<CountMetric Id="TP" Type="Total Precincts">55</CountMetric>
					<CountMetric Id="PP" Type="Precincts Reporting Percentage">100.0</CountMetric>
					<CountMetric Id="VT" Type="Voter Turnout">10810</CountMetric>
					<CountMetric Id="TV" Type="Total Registered Voters">14130</CountMetric>
					<CountMetric Id="VP" Type="Voter Turnout Percentage">76.5</CountMetric>
					<CountMetric Id="FD" Type="First Report Date">20121106</CountMetric>
					<CountMetric Id="FT" Type="First Report Time">8:16 PM</CountMetric>
					<CountMetric Id="LD" Type="Last Report Date">20121204</CountMetric>
					<CountMetric Id="LT" Type="Last Report Time">2:23 PM</CountMetric>
				</ReportingUnitVotes>
				<ReportingUnitVotes>
					<ReportingUnitIdentifier Id="19">Los Angeles</ReportingUnitIdentifier>
					<CountMetric Id="RT" Type="Report Type">0</CountMetric>
					<CountMetric Id="PR" Type="Precincts Reporting">4993</CountMetric>
					<CountMetric Id="TP" Type="Total Precincts">4993</CountMetric>
					<CountMetric Id="PP" Type="Precincts Reporting Percentage">100.0</CountMetric>
					<CountMetric Id="VT" Type="Voter Turnout">3236704</CountMetric>
					<CountMetric Id="TV" Type="Total Registered Voters">4758437</CountMetric>
					<CountMetric Id="VP" Type="Voter Turnout Percentage">68.0</CountMetric>
					<CountMetric Id="FD" Type="First Report Date">20121106</CountMetric>
					<CountMetric Id="FT" Type="First Report Time">8:15 PM</CountMetric>
					<CountMetric Id="LD" Type="Last Report Date">20121205</CountMetric>
					<CountMetric Id="LT" Type="Last Report Time">2:39 PM</CountMetric>
				</ReportingUnitVotes>
				<ReportingUnitVotes>
					<ReportingUnitIdentifier Id="20">Madera</ReportingUnitIdentifier>
					<CountMetric Id="RT" Type="Report Type">0</CountMetric>
					<CountMetric Id="PR" Type="Precincts Reporting">96</CountMetric>
					<CountMetric Id="TP" Type="Total Precincts">96</CountMetric>
					<CountMetric Id="PP" Type="Precincts Reporting Percentage">100.0</CountMetric>
					<CountMetric Id="VT" Type="Voter Turnout">40325</CountMetric>
					<CountMetric Id="TV" Type="Total Registered Voters">53779</CountMetric>
					<CountMetric Id="VP" Type="Voter Turnout Percentage">75.0</CountMetric>
					<CountMetric Id="FD" Type="First Report Date">20121106</CountMetric>
					<CountMetric Id="FT" Type="First Report Time">8:03 PM</CountMetric>
					<CountMetric Id="LD" Type="Last Report Date">20121204</CountMetric>
					<CountMetric Id="LT" Type="Last Report Time">2:21 PM</CountMetric>
				</ReportingUnitVotes>
				<ReportingUnitVotes>
					<ReportingUnitIdentifier Id="21">Marin</ReportingUnitIdentifier>
					<CountMetric Id="RT" Type="Report Type">0</CountMetric>
					<CountMetric Id="PR" Type="Precincts Reporting">194</CountMetric>
					<CountMetric Id="TP" Type="Total Precincts">194</CountMetric>
					<CountMetric Id="PP" Type="Precincts Reporting Percentage">100.0</CountMetric>
					<CountMetric Id="VT" Type="Voter Turnout">135438</CountMetric>
					<CountMetric Id="TV" Type="Total Registered Voters">155025</CountMetric>
					<CountMetric Id="VP" Type="Voter Turnout Percentage">87.4</CountMetric>
					<CountMetric Id="FD" Type="First Report Date">20121106</CountMetric>
					<CountMetric Id="FT" Type="First Report Time">8:05 PM</CountMetric>
					<CountMetric Id="LD" Type="Last Report Date">20121204</CountMetric>
					<CountMetric Id="LT" Type="Last Report Time">2:15 PM</CountMetric>
				</ReportingUnitVotes>
				<ReportingUnitVotes>
					<ReportingUnitIdentifier Id="22">Mariposa</ReportingUnitIdentifier>
					<CountMetric Id="RT" Type="Report Type">0</CountMetric>
					<CountMetric Id="PR" Type="Precincts Reporting">25</CountMetric>
					<CountMetric Id="TP" Type="Total Precincts">25</CountMetric>
					<CountMetric Id="PP" Type="Precincts Reporting Percentage">100.0</CountMetric>
					<CountMetric Id="VT" Type="Voter Turnout">9102</CountMetric>
					<CountMetric Id="TV" Type="Total Registered Voters">10792</CountMetric>
					<CountMetric Id="VP" Type="Voter Turnout Percentage">84.3</CountMetric>
					<CountMetric Id="FD" Type="First Report Date">20121106</CountMetric>
					<CountMetric Id="FT" Type="First Report Time">8:19 PM</CountMetric>
					<CountMetric Id="LD" Type="Last Report Date">20121206</CountMetric>
					<CountMetric Id="LT" Type="Last Report Time">3:16 PM</CountMetric>
				</ReportingUnitVotes>
				<ReportingUnitVotes>
					<ReportingUnitIdentifier Id="23">Mendocino</ReportingUnitIdentifier>
					<CountMetric Id="RT" Type="Report Type">0</CountMetric>
					<CountMetric Id="PR" Type="Precincts Reporting">247</CountMetric>
					<CountMetric Id="TP" Type="Total Precincts">247</CountMetric>
					<CountMetric Id="PP" Type="Precincts Reporting Percentage">100.0</CountMetric>
					<CountMetric Id="VT" Type="Voter Turnout">36080</CountMetric>
					<CountMetric Id="TV" Type="Total Registered Voters">49765</CountMetric>
					<CountMetric Id="VP" Type="Voter Turnout Percentage">72.5</CountMetric>
					<CountMetric Id="FD" Type="First Report Date">20121106</CountMetric>
					<CountMetric Id="FT" Type="First Report Time">10:00 PM</CountMetric>
					<CountMetric Id="LD" Type="Last Report Date">20121204</CountMetric>
					<CountMetric Id="LT" Type="Last Report Time">2:12 PM</CountMetric>
				</ReportingUnitVotes>
				<ReportingUnitVotes>
					<ReportingUnitIdentifier Id="24">Merced</ReportingUnitIdentifier>
					<CountMetric Id="RT" Type="Report Type">0</CountMetric>
					<CountMetric Id="PR" Type="Precincts Reporting">126</CountMetric>
					<CountMetric Id="TP" Type="Total Precincts">126</CountMetric>
					<CountMetric Id="PP" Type="Precincts Reporting Percentage">100.0</CountMetric>
					<CountMetric Id="VT" Type="Voter Turnout">62804</CountMetric>
					<CountMetric Id="TV" Type="Total Registered Voters">98890</CountMetric>
					<CountMetric Id="VP" Type="Voter Turnout Percentage">63.5</CountMetric>
					<CountMetric Id="FD" Type="First Report Date">20121106</CountMetric>
					<CountMetric Id="FT" Type="First Report Time">8:36 PM</CountMetric>
					<CountMetric Id="LD" Type="Last Report Date">20121205</CountMetric>
					<CountMetric Id="LT" Type="Last Report Time">11:22 AM</CountMetric>
				</ReportingUnitVotes>
				<ReportingUnitVotes>
					<ReportingUnitIdentifier Id="25">Modoc</ReportingUnitIdentifier>
					<CountMetric Id="RT" Type="Report Type">0</CountMetric>
					<CountMetric Id="PR" Type="Precincts Reporting">21</CountMetric>
					<CountMetric Id="TP" Type="Total Precincts">21</CountMetric>
					<CountMetric Id="PP" Type="Precincts Reporting Percentage">100.0</CountMetric>
					<CountMetric Id="VT" Type="Voter Turnout">4061</CountMetric>
					<CountMetric Id="TV" Type="Total Registered Voters">5359</CountMetric>
					<CountMetric Id="VP" Type="Voter Turnout Percentage">75.8</CountMetric>
					<CountMetric Id="FD" Type="First Report Date">20121106</CountMetric>
					<CountMetric Id="FT" Type="First Report Time">8:59 PM</CountMetric>
					<CountMetric Id="LD" Type="Last Report Date">20121206</CountMetric>
					<CountMetric Id="LT" Type="Last Report Time">10:56 AM</CountMetric>
				</ReportingUnitVotes>
				<ReportingUnitVotes>
					<ReportingUnitIdentifier Id="26">Mono</ReportingUnitIdentifier>
					<CountMetric Id="RT" Type="Report Type">0</CountMetric>
					<CountMetric Id="PR" Type="Precincts Reporting">13</CountMetric>
					<CountMetric Id="TP" Type="Total Precincts">13</CountMetric>
					<CountMetric Id="PP" Type="Precincts Reporting Percentage">100.0</CountMetric>
					<CountMetric Id="VT" Type="Voter Turnout">5223</CountMetric>
					<CountMetric Id="TV" Type="Total Registered Voters">5983</CountMetric>
					<CountMetric Id="VP" Type="Voter Turnout Percentage">87.3</CountMetric>
					<CountMetric Id="FD" Type="First Report Date">20121106</CountMetric>
					<CountMetric Id="FT" Type="First Report Time">10:04 PM</CountMetric>
					<CountMetric Id="LD" Type="Last Report Date">20121204</CountMetric>
					<CountMetric Id="LT" Type="Last Report Time">2:20 PM</CountMetric>
				</ReportingUnitVotes>
				<ReportingUnitVotes>
					<ReportingUnitIdentifier Id="27">Monterey</ReportingUnitIdentifier>
					<CountMetric Id="RT" Type="Report Type">0</CountMetric>
					<CountMetric Id="PR" Type="Precincts Reporting">189</CountMetric>
					<CountMetric Id="TP" Type="Total Precincts">189</CountMetric>
					<CountMetric Id="PP" Type="Precincts Reporting Percentage">100.0</CountMetric>
					<CountMetric Id="VT" Type="Voter Turnout">124902</CountMetric>
					<CountMetric Id="TV" Type="Total Registered Voters">166290</CountMetric>
					<CountMetric Id="VP" Type="Voter Turnout Percentage">75.1</CountMetric>
					<CountMetric Id="FD" Type="First Report Date">20121106</CountMetric>
					<CountMetric Id="FT" Type="First Report Time">9:58 PM</CountMetric>
					<CountMetric Id="LD" Type="Last Report Date">20121205</CountMetric>
					<CountMetric Id="LT" Type="Last Report Time">2:38 PM</CountMetric>
				</ReportingUnitVotes>
				<ReportingUnitVotes>
					<ReportingUnitIdentifier Id="28">Napa</ReportingUnitIdentifier>
					<CountMetric Id="RT" Type="Report Type">0</CountMetric>
					<CountMetric Id="PR" Type="Precincts Reporting">167</CountMetric>
					<CountMetric Id="TP" Type="Total Precincts">167</CountMetric>
					<CountMetric Id="PP" Type="Precincts Reporting Percentage">100.0</CountMetric>
					<CountMetric Id="VT" Type="Voter Turnout">57672</CountMetric>
					<CountMetric Id="TV" Type="Total Registered Voters">72592</CountMetric>
					<CountMetric Id="VP" Type="Voter Turnout Percentage">79.4</CountMetric>
					<CountMetric Id="FD" Type="First Report Date">20121106</CountMetric>
					<CountMetric Id="FT" Type="First Report Time">8:00 PM</CountMetric>
					<CountMetric Id="LD" Type="Last Report Date">20121204</CountMetric>
					<CountMetric Id="LT" Type="Last Report Time">2:13 PM</CountMetric>
				</ReportingUnitVotes>
				<ReportingUnitVotes>
					<ReportingUnitIdentifier Id="29">Nevada</ReportingUnitIdentifier>
					<CountMetric Id="RT" Type="Report Type">0</CountMetric>
					<CountMetric Id="PR" Type="Precincts Reporting">140</CountMetric>
					<CountMetric Id="TP" Type="Total Precincts">140</CountMetric>
					<CountMetric Id="PP" Type="Precincts Reporting Percentage">100.0</CountMetric>
					<CountMetric Id="VT" Type="Voter Turnout">52173</CountMetric>
					<CountMetric Id="TV" Type="Total Registered Voters">62853</CountMetric>
					<CountMetric Id="VP" Type="Voter Turnout Percentage">83.0</CountMetric>
					<CountMetric Id="FD" Type="First Report Date">20121106</CountMetric>
					<CountMetric Id="FT" Type="First Report Time">8:33 PM</CountMetric>
					<CountMetric Id="LD" Type="Last Report Date">20121204</CountMetric>
					<CountMetric Id="LT" Type="Last Report Time">1:47 PM</CountMetric>
				</ReportingUnitVotes>
				<ReportingUnitVotes>
					<ReportingUnitIdentifier Id="30">Orange</ReportingUnitIdentifier>
					<CountMetric Id="RT" Type="Report Type">0</CountMetric>
					<CountMetric Id="PR" Type="Precincts Reporting">1977</CountMetric>
					<CountMetric Id="TP" Type="Total Precincts">1977</CountMetric>
					<CountMetric Id="PP" Type="Precincts Reporting Percentage">100.0</CountMetric>
					<CountMetric Id="VT" Type="Voter Turnout">1133204</CountMetric>
					<CountMetric Id="TV" Type="Total Registered Voters">1683001</CountMetric>
					<CountMetric Id="VP" Type="Voter Turnout Percentage">67.3</CountMetric>
					<CountMetric Id="FD" Type="First Report Date">20121106</CountMetric>
					<CountMetric Id="FT" Type="First Report Time">8:17 PM</CountMetric>
					<CountMetric Id="LD" Type="Last Report Date">20121129</CountMetric>
					<CountMetric Id="LT" Type="Last Report Time">08:03 AM</CountMetric>
				</ReportingUnitVotes>
				<ReportingUnitVotes>
					<ReportingUnitIdentifier Id="31">Placer</ReportingUnitIdentifier>
					<CountMetric Id="RT" Type="Report Type">0</CountMetric>
					<CountMetric Id="PR" Type="Precincts Reporting">350</CountMetric>
					<CountMetric Id="TP" Type="Total Precincts">350</CountMetric>
					<CountMetric Id="PP" Type="Precincts Reporting Percentage">100.0</CountMetric>
					<CountMetric Id="VT" Type="Voter Turnout">172757</CountMetric>
					<CountMetric Id="TV" Type="Total Registered Voters">208604</CountMetric>
					<CountMetric Id="VP" Type="Voter Turnout Percentage">82.8</CountMetric>
					<CountMetric Id="FD" Type="First Report Date">20121106</CountMetric>
					<CountMetric Id="FT" Type="First Report Time">8:04 PM</CountMetric>
					<CountMetric Id="LD" Type="Last Report Date">20121206</CountMetric>
					<CountMetric Id="LT" Type="Last Report Time">4:13 PM</CountMetric>
				</ReportingUnitVotes>
				<ReportingUnitVotes>
					<ReportingUnitIdentifier Id="32">Plumas</ReportingUnitIdentifier>
					<CountMetric Id="RT" Type="Report Type">0</CountMetric>
					<CountMetric Id="PR" Type="Precincts Reporting">29</CountMetric>
					<CountMetric Id="TP" Type="Total Precincts">29</CountMetric>
					<CountMetric Id="PP" Type="Precincts Reporting Percentage">100.0</CountMetric>
					<CountMetric Id="VT" Type="Voter Turnout">10146</CountMetric>
					<CountMetric Id="TV" Type="Total Registered Voters">13229</CountMetric>
					<CountMetric Id="VP" Type="Voter Turnout Percentage">76.7</CountMetric>
					<CountMetric Id="FD" Type="First Report Date">20121106</CountMetric>
					<CountMetric Id="FT" Type="First Report Time">8:12 PM</CountMetric>
					<CountMetric Id="LD" Type="Last Report Date">20121204</CountMetric>
					<CountMetric Id="LT" Type="Last Report Time">1:46 PM</CountMetric>
				</ReportingUnitVotes>
				<ReportingUnitVotes>
					<ReportingUnitIdentifier Id="33">Riverside</ReportingUnitIdentifier>
					<CountMetric Id="RT" Type="Report Type">0</CountMetric>
					<CountMetric Id="PR" Type="Precincts Reporting">1218</CountMetric>
					<CountMetric Id="TP" Type="Total Precincts">1218</CountMetric>
					<CountMetric Id="PP" Type="Precincts Reporting Percentage">100.0</CountMetric>
					<CountMetric Id="VT" Type="Voter Turnout">669627</CountMetric>
					<CountMetric Id="TV" Type="Total Registered Voters">943405</CountMetric>
					<CountMetric Id="VP" Type="Voter Turnout Percentage">71.0</CountMetric>
					<CountMetric Id="FD" Type="First Report Date">20121106</CountMetric>
					<CountMetric Id="FT" Type="First Report Time">8:46 PM</CountMetric>
					<CountMetric Id="LD" Type="Last Report Date">20121204</CountMetric>
					<CountMetric Id="LT" Type="Last Report Time">1:26 PM</CountMetric>
				</ReportingUnitVotes>
				<ReportingUnitVotes>
					<ReportingUnitIdentifier Id="34">Sacramento</ReportingUnitIdentifier>
					<CountMetric Id="RT" Type="Report Type">0</CountMetric>
					<CountMetric Id="PR" Type="Precincts Reporting">1106</CountMetric>
					<CountMetric Id="TP" Type="Total Precincts">1106</CountMetric>
					<CountMetric Id="PP" Type="Precincts Reporting Percentage">100.0</CountMetric>
					<CountMetric Id="VT" Type="Voter Turnout">522045</CountMetric>
					<CountMetric Id="TV" Type="Total Registered Voters">698899</CountMetric>
					<CountMetric Id="VP" Type="Voter Turnout Percentage">74.7</CountMetric>
					<CountMetric Id="FD" Type="First Report Date">20121106</CountMetric>
					<CountMetric Id="FT" Type="First Report Time">8:13 PM</CountMetric>
					<CountMetric Id="LD" Type="Last Report Date">20121205</CountMetric>
					<CountMetric Id="LT" Type="Last Report Time">11:37 AM</CountMetric>
				</ReportingUnitVotes>
				<ReportingUnitVotes>
					<ReportingUnitIdentifier Id="35">San Benito</ReportingUnitIdentifier>
					<CountMetric Id="RT" Type="Report Type">0</CountMetric>
					<CountMetric Id="PR" Type="Precincts Reporting">44</CountMetric>
					<CountMetric Id="TP" Type="Total Precincts">44</CountMetric>
					<CountMetric Id="PP" Type="Precincts Reporting Percentage">100.0</CountMetric>
					<CountMetric Id="VT" Type="Voter Turnout">19249</CountMetric>
					<CountMetric Id="TV" Type="Total Registered Voters">26580</CountMetric>
					<CountMetric Id="VP" Type="Voter Turnout Percentage">72.4</CountMetric>
					<CountMetric Id="FD" Type="First Report Date">20121106</CountMetric>
					<CountMetric Id="FT" Type="First Report Time">8:55 PM</CountMetric>
					<CountMetric Id="LD" Type="Last Report Date">20121204</CountMetric>
					<CountMetric Id="LT" Type="Last Report Time">4:52 PM</CountMetric>
				</ReportingUnitVotes>
				<ReportingUnitVotes>
					<ReportingUnitIdentifier Id="36">San Bernardino</ReportingUnitIdentifier>
					<CountMetric Id="RT" Type="Report Type">0</CountMetric>
					<CountMetric Id="PR" Type="Precincts Reporting">1609</CountMetric>
					<CountMetric Id="TP" Type="Total Precincts">1609</CountMetric>
					<CountMetric Id="PP" Type="Precincts Reporting Percentage">100.0</CountMetric>
					<CountMetric Id="VT" Type="Voter Turnout">589611</CountMetric>
					<CountMetric Id="TV" Type="Total Registered Voters">851581</CountMetric>
					<CountMetric Id="VP" Type="Voter Turnout Percentage">69.2</CountMetric>
					<CountMetric Id="FD" Type="First Report Date">20121106</CountMetric>
					<CountMetric Id="FT" Type="First Report Time">8:19 PM</CountMetric>
					<CountMetric Id="LD" Type="Last Report Date">20121207</CountMetric>
					<CountMetric Id="LT" Type="Last Report Time">4:22 PM</CountMetric>
				</ReportingUnitVotes>
				<ReportingUnitVotes>
					<ReportingUnitIdentifier Id="37">San Diego</ReportingUnitIdentifier>
					<CountMetric Id="RT" Type="Report Type">0</CountMetric>
					<CountMetric Id="PR" Type="Precincts Reporting">2064</CountMetric>
					<CountMetric Id="TP" Type="Total Precincts">2064</CountMetric>
					<CountMetric Id="PP" Type="Precincts Reporting Percentage">100.0</CountMetric>
					<CountMetric Id="VT" Type="Voter Turnout">1203265</CountMetric>
					<CountMetric Id="TV" Type="Total Registered Voters">1563093</CountMetric>
					<CountMetric Id="VP" Type="Voter Turnout Percentage">77.0</CountMetric>
					<CountMetric Id="FD" Type="First Report Date">20121106</CountMetric>
					<CountMetric Id="FT" Type="First Report Time">8:29 PM</CountMetric>
					<CountMetric Id="LD" Type="Last Report Date">20121218</CountMetric>
					<CountMetric Id="LT" Type="Last Report Time">06:26 AM</CountMetric>
				</ReportingUnitVotes>
				<ReportingUnitVotes>
					<ReportingUnitIdentifier Id="38">San Francisco</ReportingUnitIdentifier>
					<CountMetric Id="RT" Type="Report Type">0</CountMetric>
					<CountMetric Id="PR" Type="Precincts Reporting">597</CountMetric>
					<CountMetric Id="TP" Type="Total Precincts">597</CountMetric>
					<CountMetric Id="PP" Type="Precincts Reporting Percentage">100.0</CountMetric>
					<CountMetric Id="VT" Type="Voter Turnout">364875</CountMetric>
					<CountMetric Id="TV" Type="Total Registered Voters">500107</CountMetric>
					<CountMetric Id="VP" Type="Voter Turnout Percentage">73.0</CountMetric>
					<CountMetric Id="FD" Type="First Report Date">20121106</CountMetric>
					<CountMetric Id="FT" Type="First Report Time">9:02 PM</CountMetric>
					<CountMetric Id="LD" Type="Last Report Date">20121204</CountMetric>
					<CountMetric Id="LT" Type="Last Report Time">1:36 PM</CountMetric>
				</ReportingUnitVotes>
				<ReportingUnitVotes>
					<ReportingUnitIdentifier Id="39">San Joaquin</ReportingUnitIdentifier>
					<CountMetric Id="RT" Type="Report Type">0</CountMetric>
					<CountMetric Id="PR" Type="Precincts Reporting">430</CountMetric>
					<CountMetric Id="TP" Type="Total Precincts">430</CountMetric>
					<CountMetric Id="PP" Type="Precincts Reporting Percentage">100.0</CountMetric>
					<CountMetric Id="VT" Type="Voter Turnout">206843</CountMetric>
					<CountMetric Id="TV" Type="Total Registered Voters">293004</CountMetric>
					<CountMetric Id="VP" Type="Voter Turnout Percentage">70.6</CountMetric>
					<CountMetric Id="FD" Type="First Report Date">20121106</CountMetric>
					<CountMetric Id="FT" Type="First Report Time">8:20 PM</CountMetric>
					<CountMetric Id="LD" Type="Last Report Date">20121206</CountMetric>
					<CountMetric Id="LT" Type="Last Report Time">10:14 AM</CountMetric>
				</ReportingUnitVotes>
				<ReportingUnitVotes>
					<ReportingUnitIdentifier Id="40">San Luis Obispo</ReportingUnitIdentifier>
					<CountMetric Id="RT" Type="Report Type">0</CountMetric>
					<CountMetric Id="PR" Type="Precincts Reporting">147</CountMetric>
					<CountMetric Id="TP" Type="Total Precincts">147</CountMetric>
					<CountMetric Id="PP" Type="Precincts Reporting Percentage">100.0</CountMetric>
					<CountMetric Id="VT" Type="Voter Turnout">126818</CountMetric>
					<CountMetric Id="TV" Type="Total Registered Voters">158603</CountMetric>
					<CountMetric Id="VP" Type="Voter Turnout Percentage">80.0</CountMetric>
					<CountMetric Id="FD" Type="First Report Date">20121106</CountMetric>
					<CountMetric Id="FT" Type="First Report Time">8:32 PM</CountMetric>
					<CountMetric Id="LD" Type="Last Report Date">20121207</CountMetric>
					<CountMetric Id="LT" Type="Last Report Time">4:47 PM</CountMetric>
				</ReportingUnitVotes>
				<ReportingUnitVotes>
					<ReportingUnitIdentifier Id="41">San Mateo</ReportingUnitIdentifier>
					<CountMetric Id="RT" Type="Report Type">0</CountMetric>
					<CountMetric Id="PR" Type="Precincts Reporting">468</CountMetric>
					<CountMetric Id="TP" Type="Total Precincts">468</CountMetric>
					<CountMetric Id="PP" Type="Precincts Reporting Percentage">100.0</CountMetric>
					<CountMetric Id="VT" Type="Voter Turnout">288592</CountMetric>
					<CountMetric Id="TV" Type="Total Registered Voters">361486</CountMetric>
					<CountMetric Id="VP" Type="Voter Turnout Percentage">79.8</CountMetric>
					<CountMetric Id="FD" Type="First Report Date">20121106</CountMetric>
					<CountMetric Id="FT" Type="First Report Time">8:05 PM</CountMetric>
					<CountMetric Id="LD" Type="Last Report Date">20121205</CountMetric>
					<CountMetric Id="LT" Type="Last Report Time">08:59 AM</CountMetric>
				</ReportingUnitVotes>
				<ReportingUnitVotes>
					<ReportingUnitIdentifier Id="42">Santa Barbara</ReportingUnitIdentifier>
					<CountMetric Id="RT" Type="Report Type">0</CountMetric>
					<CountMetric Id="PR" Type="Precincts Reporting">257</CountMetric>
					<CountMetric Id="TP" Type="Total Precincts">257</CountMetric>
					<CountMetric Id="PP" Type="Precincts Reporting Percentage">100.0</CountMetric>
					<CountMetric Id="VT" Type="Voter Turnout">164977</CountMetric>
					<CountMetric Id="TV" Type="Total Registered Voters">203994</CountMetric>
					<CountMetric Id="VP" Type="Voter Turnout Percentage">80.9</CountMetric>
					<CountMetric Id="FD" Type="First Report Date">20121106</CountMetric>
					<CountMetric Id="FT" Type="First Report Time">8:51 PM</CountMetric>
					<CountMetric Id="LD" Type="Last Report Date">20121205</CountMetric>
					<CountMetric Id="LT" Type="Last Report Time">3:03 PM</CountMetric>
				</ReportingUnitVotes>
				<ReportingUnitVotes>
					<ReportingUnitIdentifier Id="43">Santa Clara</ReportingUnitIdentifier>
					<CountMetric Id="RT" Type="Report Type">0</CountMetric>
					<CountMetric Id="PR" Type="Precincts Reporting">1000</CountMetric>
					<CountMetric Id="TP" Type="Total Precincts">1000</CountMetric>
					<CountMetric Id="PP" Type="Precincts Reporting Percentage">100.0</CountMetric>
					<CountMetric Id="VT" Type="Voter Turnout">653239</CountMetric>
					<CountMetric Id="TV" Type="Total Registered Voters">817837</CountMetric>
					<CountMetric Id="VP" Type="Voter Turnout Percentage">79.9</CountMetric>
					<CountMetric Id="FD" Type="First Report Date">20121106</CountMetric>
					<CountMetric Id="FT" Type="First Report Time">8:09 PM</CountMetric>
					<CountMetric Id="LD" Type="Last Report Date">20121206</CountMetric>
					<CountMetric Id="LT" Type="Last Report Time">10:33 AM</CountMetric>
				</ReportingUnitVotes>
				<ReportingUnitVotes>
					<ReportingUnitIdentifier Id="44">Santa Cruz</ReportingUnitIdentifier>
					<CountMetric Id="RT" Type="Report Type">0</CountMetric>
					<CountMetric Id="PR" Type="Precincts Reporting">253</CountMetric>
					<CountMetric Id="TP" Type="Total Precincts">253</CountMetric>
					<CountMetric Id="PP" Type="Precincts Reporting Percentage">100.0</CountMetric>
					<CountMetric Id="VT" Type="Voter Turnout">121323</CountMetric>
					<CountMetric Id="TV" Type="Total Registered Voters">158524</CountMetric>
					<CountMetric Id="VP" Type="Voter Turnout Percentage">76.5</CountMetric>
					<CountMetric Id="FD" Type="First Report Date">20121106</CountMetric>
					<CountMetric Id="FT" Type="First Report Time">8:29 PM</CountMetric>
					<CountMetric Id="LD" Type="Last Report Date">20121204</CountMetric>
					<CountMetric Id="LT" Type="Last Report Time">5:18 PM</CountMetric>
				</ReportingUnitVotes>
				<ReportingUnitVotes>
					<ReportingUnitIdentifier Id="45">Shasta</ReportingUnitIdentifier>
					<CountMetric Id="RT" Type="Report Type">0</CountMetric>
					<CountMetric Id="PR" Type="Precincts Reporting">142</CountMetric>
					<CountMetric Id="TP" Type="Total Precincts">142</CountMetric>
					<CountMetric Id="PP" Type="Precincts Reporting Percentage">100.0</CountMetric>
					<CountMetric Id="VT" Type="Voter Turnout">77178</CountMetric>
					<CountMetric Id="TV" Type="Total Registered Voters">100235</CountMetric>
					<CountMetric Id="VP" Type="Voter Turnout Percentage">77.0</CountMetric>
					<CountMetric Id="FD" Type="First Report Date">20121106</CountMetric>
					<CountMetric Id="FT" Type="First Report Time">8:25 PM</CountMetric>
					<CountMetric Id="LD" Type="Last Report Date">20121204</CountMetric>
					<CountMetric Id="LT" Type="Last Report Time">1:30 PM</CountMetric>
				</ReportingUnitVotes>
				<ReportingUnitVotes>
					<ReportingUnitIdentifier Id="46">Sierra</ReportingUnitIdentifier>
					<CountMetric Id="RT" Type="Report Type">0</CountMetric>
					<CountMetric Id="PR" Type="Precincts Reporting">22</CountMetric>
					<CountMetric Id="TP" Type="Total Precincts">22</CountMetric>
					<CountMetric Id="PP" Type="Precincts Reporting Percentage">100.0</CountMetric>
					<CountMetric Id="VT" Type="Voter Turnout">1822</CountMetric>
					<CountMetric Id="TV" Type="Total Registered Voters">2326</CountMetric>
					<CountMetric Id="VP" Type="Voter Turnout Percentage">78.3</CountMetric>
					<CountMetric Id="FD" Type="First Report Date">20121106</CountMetric>
					<CountMetric Id="FT" Type="First Report Time">8:21 PM</CountMetric>
					<CountMetric Id="LD" Type="Last Report Date">20121204</CountMetric>
					<CountMetric Id="LT" Type="Last Report Time">2:12 PM</CountMetric>
				</ReportingUnitVotes>
				<ReportingUnitVotes>
					<ReportingUnitIdentifier Id="47">Siskiyou</ReportingUnitIdentifier>
					<CountMetric Id="RT" Type="Report Type">0</CountMetric>
					<CountMetric Id="PR" Type="Precincts Reporting">60</CountMetric>
					<CountMetric Id="TP" Type="Total Precincts">60</CountMetric>
					<CountMetric Id="PP" Type="Precincts Reporting Percentage">100.0</CountMetric>
					<CountMetric Id="VT" Type="Voter Turnout">20180</CountMetric>
					<CountMetric Id="TV" Type="Total Registered Voters">25868</CountMetric>
					<CountMetric Id="VP" Type="Voter Turnout Percentage">78.0</CountMetric>
					<CountMetric Id="FD" Type="First Report Date">20121106</CountMetric>
					<CountMetric Id="FT" Type="First Report Time">8:38 PM</CountMetric>
					<CountMetric Id="LD" Type="Last Report Date">20121207</CountMetric>
					<CountMetric Id="LT" Type="Last Report Time">3:45 PM</CountMetric>
				</ReportingUnitVotes>
				<ReportingUnitVotes>
					<ReportingUnitIdentifier Id="48">Solano</ReportingUnitIdentifier>
					<CountMetric Id="RT" Type="Report Type">0</CountMetric>
					<CountMetric Id="PR" Type="Precincts Reporting">199</CountMetric>
					<CountMetric Id="TP" Type="Total Precincts">199</CountMetric>
					<CountMetric Id="PP" Type="Precincts Reporting Percentage">100.0</CountMetric>
					<CountMetric Id="VT" Type="Voter Turnout">153923</CountMetric>
					<CountMetric Id="TV" Type="Total Registered Voters">209484</CountMetric>
					<CountMetric Id="VP" Type="Voter Turnout Percentage">73.5</CountMetric>
					<CountMetric Id="FD" Type="First Report Date">20121106</CountMetric>
					<CountMetric Id="FT" Type="First Report Time">8:37 PM</CountMetric>
					<CountMetric Id="LD" Type="Last Report Date">20121205</CountMetric>
					<CountMetric Id="LT" Type="Last Report Time">2:25 PM</CountMetric>
				</ReportingUnitVotes>
				<ReportingUnitVotes>
					<ReportingUnitIdentifier Id="49">Sonoma</ReportingUnitIdentifier>
					<CountMetric Id="RT" Type="Report Type">0</CountMetric>
					<CountMetric Id="PR" Type="Precincts Reporting">433</CountMetric>
					<CountMetric Id="TP" Type="Total Precincts">433</CountMetric>
					<CountMetric Id="PP" Type="Precincts Reporting Percentage">100.0</CountMetric>
					<CountMetric Id="VT" Type="Voter Turnout">218820</CountMetric>
					<CountMetric Id="TV" Type="Total Registered Voters">260315</CountMetric>
					<CountMetric Id="VP" Type="Voter Turnout Percentage">84.1</CountMetric>
					<CountMetric Id="FD" Type="First Report Date">20121106</CountMetric>
					<CountMetric Id="FT" Type="First Report Time">8:08 PM</CountMetric>
					<CountMetric Id="LD" Type="Last Report Date">20121205</CountMetric>
					<CountMetric Id="LT" Type="Last Report Time">09:10 AM</CountMetric>
				</ReportingUnitVotes>
				<ReportingUnitVotes>
					<ReportingUnitIdentifier Id="50">Stanislaus</ReportingUnitIdentifier>
					<CountMetric Id="RT" Type="Report Type">0</CountMetric>
					<CountMetric Id="PR" Type="Precincts Reporting">388</CountMetric>
					<CountMetric Id="TP" Type="Total Precincts">388</CountMetric>
					<CountMetric Id="PP" Type="Precincts Reporting Percentage">100.0</CountMetric>
					<CountMetric Id="VT" Type="Voter Turnout">156935</CountMetric>
					<CountMetric Id="TV" Type="Total Registered Voters">232909</CountMetric>
					<CountMetric Id="VP" Type="Voter Turnout Percentage">67.4</CountMetric>
					<CountMetric Id="FD" Type="First Report Date">20121106</CountMetric>
					<CountMetric Id="FT" Type="First Report Time">8:02 PM</CountMetric>
					<CountMetric Id="LD" Type="Last Report Date">20121205</CountMetric>
					<CountMetric Id="LT" Type="Last Report Time">1:34 PM</CountMetric>
				</ReportingUnitVotes>
				<ReportingUnitVotes>
					<ReportingUnitIdentifier Id="51">Sutter</ReportingUnitIdentifier>
					<CountMetric Id="RT" Type="Report Type">0</CountMetric>
					<CountMetric Id="PR" Type="Precincts Reporting">57</CountMetric>
					<CountMetric Id="TP" Type="Total Precincts">57</CountMetric>
					<CountMetric Id="PP" Type="Precincts Reporting Percentage">100.0</CountMetric>
					<CountMetric Id="VT" Type="Voter Turnout">31300</CountMetric>
					<CountMetric Id="TV" Type="Total Registered Voters">42194</CountMetric>
					<CountMetric Id="VP" Type="Voter Turnout Percentage">74.2</CountMetric>
					<CountMetric Id="FD" Type="First Report Date">20121106</CountMetric>
					<CountMetric Id="FT" Type="First Report Time">8:25 PM</CountMetric>
					<CountMetric Id="LD" Type="Last Report Date">20121205</CountMetric>
					<CountMetric Id="LT" Type="Last Report Time">09:42 AM</CountMetric>
				</ReportingUnitVotes>
				<ReportingUnitVotes>
					<ReportingUnitIdentifier Id="52">Tehama</ReportingUnitIdentifier>
					<CountMetric Id="RT" Type="Report Type">0</CountMetric>
					<CountMetric Id="PR" Type="Precincts Reporting">46</CountMetric>
					<CountMetric Id="TP" Type="Total Precincts">46</CountMetric>
					<CountMetric Id="PP" Type="Precincts Reporting Percentage">100.0</CountMetric>
					<CountMetric Id="VT" Type="Voter Turnout">23261</CountMetric>
					<CountMetric Id="TV" Type="Total Registered Voters">31174</CountMetric>
					<CountMetric Id="VP" Type="Voter Turnout Percentage">74.6</CountMetric>
					<CountMetric Id="FD" Type="First Report Date">20121106</CountMetric>
					<CountMetric Id="FT" Type="First Report Time">9:03 PM</CountMetric>
					<CountMetric Id="LD" Type="Last Report Date">20121204</CountMetric>
					<CountMetric Id="LT" Type="Last Report Time">4:53 PM</CountMetric>
				</ReportingUnitVotes>
				<ReportingUnitVotes>
					<ReportingUnitIdentifier Id="53">Trinity</ReportingUnitIdentifier>
					<CountMetric Id="RT" Type="Report Type">0</CountMetric>
					<CountMetric Id="PR" Type="Precincts Reporting">25</CountMetric>
					<CountMetric Id="TP" Type="Total Precincts">25</CountMetric>
					<CountMetric Id="PP" Type="Precincts Reporting Percentage">100.0</CountMetric>
					<CountMetric Id="VT" Type="Voter Turnout">5814</CountMetric>
					<CountMetric Id="TV" Type="Total Registered Voters">8046</CountMetric>
					<CountMetric Id="VP" Type="Voter Turnout Percentage">72.3</CountMetric>
					<CountMetric Id="FD" Type="First Report Date">20121106</CountMetric>
					<CountMetric Id="FT" Type="First Report Time">8:28 PM</CountMetric>
					<CountMetric Id="LD" Type="Last Report Date">20121207</CountMetric>
					<CountMetric Id="LT" Type="Last Report Time">12:25 PM</CountMetric>
				</ReportingUnitVotes>
				<ReportingUnitVotes>
					<ReportingUnitIdentifier Id="54">Tulare</ReportingUnitIdentifier>
					<CountMetric Id="RT" Type="Report Type">0</CountMetric>
					<CountMetric Id="PR" Type="Precincts Reporting">263</CountMetric>
					<CountMetric Id="TP" Type="Total Precincts">263</CountMetric>
					<CountMetric Id="PP" Type="Precincts Reporting Percentage">100.0</CountMetric>
					<CountMetric Id="VT" Type="Voter Turnout">102184</CountMetric>
					<CountMetric Id="TV" Type="Total Registered Voters">145348</CountMetric>
					<CountMetric Id="VP" Type="Voter Turnout Percentage">70.3</CountMetric>
					<CountMetric Id="FD" Type="First Report Date">20121106</CountMetric>
					<CountMetric Id="FT" Type="First Report Time">8:54 PM</CountMetric>
					<CountMetric Id="LD" Type="Last Report Date">20121204</CountMetric>
					<CountMetric Id="LT" Type="Last Report Time">12:52 PM</CountMetric>
				</ReportingUnitVotes>
				<ReportingUnitVotes>
					<ReportingUnitIdentifier Id="55">Tuolumne</ReportingUnitIdentifier>
					<CountMetric Id="RT" Type="Report Type">0</CountMetric>
					<CountMetric Id="PR" Type="Precincts Reporting">73</CountMetric>
					<CountMetric Id="TP" Type="Total Precincts">73</CountMetric>
					<CountMetric Id="PP" Type="Precincts Reporting Percentage">100.0</CountMetric>
					<CountMetric Id="VT" Type="Voter Turnout">25153</CountMetric>
					<CountMetric Id="TV" Type="Total Registered Voters">31769</CountMetric>
					<CountMetric Id="VP" Type="Voter Turnout Percentage">79.2</CountMetric>
					<CountMetric Id="FD" Type="First Report Date">20121106</CountMetric>
					<CountMetric Id="FT" Type="First Report Time">8:24 PM</CountMetric>
					<CountMetric Id="LD" Type="Last Report Date">20121205</CountMetric>
					<CountMetric Id="LT" Type="Last Report Time">2:27 PM</CountMetric>
				</ReportingUnitVotes>
				<ReportingUnitVotes>
					<ReportingUnitIdentifier Id="56">Ventura</ReportingUnitIdentifier>
					<CountMetric Id="RT" Type="Report Type">0</CountMetric>
					<CountMetric Id="PR" Type="Precincts Reporting">630</CountMetric>
					<CountMetric Id="TP" Type="Total Precincts">630</CountMetric>
					<CountMetric Id="PP" Type="Precincts Reporting Percentage">100.0</CountMetric>
					<CountMetric Id="VT" Type="Voter Turnout">330419</CountMetric>
					<CountMetric Id="TV" Type="Total Registered Voters">426948</CountMetric>
					<CountMetric Id="VP" Type="Voter Turnout Percentage">77.4</CountMetric>
					<CountMetric Id="FD" Type="First Report Date">20121106</CountMetric>
					<CountMetric Id="FT" Type="First Report Time">8:25 PM</CountMetric>
					<CountMetric Id="LD" Type="Last Report Date">20121204</CountMetric>
					<CountMetric Id="LT" Type="Last Report Time">2:18 PM</CountMetric>
				</ReportingUnitVotes>
				<ReportingUnitVotes>
					<ReportingUnitIdentifier Id="57">Yolo</ReportingUnitIdentifier>
					<CountMetric Id="RT" Type="Report Type">0</CountMetric>
					<CountMetric Id="PR" Type="Precincts Reporting">117</CountMetric>
					<CountMetric Id="TP" Type="Total Precincts">117</CountMetric>
					<CountMetric Id="PP" Type="Precincts Reporting Percentage">100.0</CountMetric>
					<CountMetric Id="VT" Type="Voter Turnout">75313</CountMetric>
					<CountMetric Id="TV" Type="Total Registered Voters">102186</CountMetric>
					<CountMetric Id="VP" Type="Voter Turnout Percentage">73.7</CountMetric>
					<CountMetric Id="FD" Type="First Report Date">20121106</CountMetric>
					<CountMetric Id="FT" Type="First Report Time">8:09 PM</CountMetric>
					<CountMetric Id="LD" Type="Last Report Date">20121204</CountMetric>
					<CountMetric Id="LT" Type="Last Report Time">2:31 PM</CountMetric>
				</ReportingUnitVotes>
				<ReportingUnitVotes>
					<ReportingUnitIdentifier Id="58">Yuba</ReportingUnitIdentifier>
					<CountMetric Id="RT" Type="Report Type">0</CountMetric>
					<CountMetric Id="PR" Type="Precincts Reporting">46</CountMetric>
					<CountMetric Id="TP" Type="Total Precincts">46</CountMetric>
					<CountMetric Id="PP" Type="Precincts Reporting Percentage">100.0</CountMetric>
					<CountMetric Id="VT" Type="Voter Turnout">19973</CountMetric>
					<CountMetric Id="TV" Type="Total Registered Voters">30115</CountMetric>
					<CountMetric Id="VP" Type="Voter Turnout Percentage">66.3</CountMetric>
					<CountMetric Id="FD" Type="First Report Date">20121106</CountMetric>
					<CountMetric Id="FT" Type="First Report Time">8:54 PM</CountMetric>
					<CountMetric Id="LD" Type="Last Report Date">20121204</CountMetric>
					<CountMetric Id="LT" Type="Last Report Time">2:19 PM</CountMetric>
				</ReportingUnitVotes>
			</Contests>
		</Election>
	</Count>
</EML>
